id,ags2,bundesland,datum,bl_tod,bl_tod_00u65,bl_tod_65u75,bl_tod_75u85,bl_tod_85,bl_usk,bl_usk_00u65,bl_usk_65u75,bl_usk_75u85,bl_usk_85
1,01,Schleswig-Holstein,2016-01,3215,479,547,1023,1166,,,,,
2,01,Schleswig-Holstein,2016-02,2809,414,517,875,1003,,,,,
3,01,Schleswig-Holstein,2016-03,3202,507,541,998,1156,,,,,
4,01,Schleswig-Holstein,2016-04,2864,415,468,926,1055,,,,,
5,01,Schleswig-Holstein,2016-05,2769,412,444,923,990,,,,,
6,01,Schleswig-Holstein,2016-06,2546,431,406,855,854,,,,,
7,01,Schleswig-Holstein,2016-07,2504,397,415,822,870,,,,,
8,01,Schleswig-Holstein,2016-08,2728,403,464,901,960,,,,,
9,01,Schleswig-Holstein,2016-09,2539,401,428,834,876,,,,,
10,01,Schleswig-Holstein,2016-10,2872,415,443,986,1028,,,,,
11,01,Schleswig-Holstein,2016-11,2880,386,460,963,1071,,,,,
12,01,Schleswig-Holstein,2016-12,2951,410,471,962,1108,,,,,
13,01,Schleswig-Holstein,2017-01,3164,452,505,1006,1201,,,,,
14,01,Schleswig-Holstein,2017-02,3438,421,526,1103,1388,,,,,
15,01,Schleswig-Holstein,2017-03,3148,432,509,1038,1169,,,,,
16,01,Schleswig-Holstein,2017-04,2799,400,425,963,1011,,,,,
17,01,Schleswig-Holstein,2017-05,2816,413,456,926,1021,,,,,
18,01,Schleswig-Holstein,2017-06,2605,386,426,870,923,,,,,
19,01,Schleswig-Holstein,2017-07,2613,401,410,878,924,,,,,
20,01,Schleswig-Holstein,2017-08,2734,396,450,951,937,,,,,
21,01,Schleswig-Holstein,2017-09,2544,399,433,851,861,,,,,
22,01,Schleswig-Holstein,2017-10,2828,415,475,939,999,,,,,
23,01,Schleswig-Holstein,2017-11,2741,410,446,916,969,,,,,
24,01,Schleswig-Holstein,2017-12,3025,428,464,1082,1051,,,,,
25,01,Schleswig-Holstein,2018-01,3228,483,478,1079,1188,,,,,
26,01,Schleswig-Holstein,2018-02,3291,443,522,1096,1230,,,,,
27,01,Schleswig-Holstein,2018-03,4062,517,588,1388,1569,,,,,
28,01,Schleswig-Holstein,2018-04,3015,436,473,1011,1095,,,,,
29,01,Schleswig-Holstein,2018-05,2795,429,433,945,988,,,,,
30,01,Schleswig-Holstein,2018-06,2598,401,402,923,872,,,,,
31,01,Schleswig-Holstein,2018-07,2897,455,465,936,1041,,,,,
32,01,Schleswig-Holstein,2018-08,2834,434,450,967,983,,,,,
33,01,Schleswig-Holstein,2018-09,2600,406,398,871,925,,,,,
34,01,Schleswig-Holstein,2018-10,2769,405,431,973,960,,,,,
35,01,Schleswig-Holstein,2018-11,2760,391,450,963,956,,,,,
36,01,Schleswig-Holstein,2018-12,3072,435,495,1015,1127,,,,,
37,01,Schleswig-Holstein,2019-01,3133,441,484,1031,1177,,,,,
38,01,Schleswig-Holstein,2019-02,2983,437,418,1096,1032,,,,,
39,01,Schleswig-Holstein,2019-03,3207,448,487,1158,1114,,,,,
40,01,Schleswig-Holstein,2019-04,2835,389,433,974,1039,,,,,
41,01,Schleswig-Holstein,2019-05,2794,430,443,975,946,,,,,
42,01,Schleswig-Holstein,2019-06,2718,410,436,918,954,,,,,
43,01,Schleswig-Holstein,2019-07,2832,434,464,997,937,,,,,
44,01,Schleswig-Holstein,2019-08,2806,440,448,958,960,,,,,
45,01,Schleswig-Holstein,2019-09,2646,388,399,900,959,,,,,
46,01,Schleswig-Holstein,2019-10,2857,447,444,957,1009,,,,,
47,01,Schleswig-Holstein,2019-11,2988,405,464,1033,1086,,,,,
48,01,Schleswig-Holstein,2019-12,3161,450,485,1080,1146,,,,,
49,01,Schleswig-Holstein,2020-01,3222,462,495,1095,1170,37,-2,-9,60,-13
50,01,Schleswig-Holstein,2020-02,2929,380,441,1048,1060,-201,-49,-55,5,-103
51,01,Schleswig-Holstein,2020-03,3192,466,488,1110,1128,-213,-10,-43,-36,-124
52,01,Schleswig-Holstein,2020-04,2886,417,436,970,1063,8,7,-14,1,13
53,01,Schleswig-Holstein,2020-05,2769,416,434,948,971,-25,-5,-10,6,-15
54,01,Schleswig-Holstein,2020-06,2703,413,440,889,961,86,6,22,-3,60
55,01,Schleswig-Holstein,2020-07,2756,425,442,919,970,44,3,3,11,27
56,01,Schleswig-Holstein,2020-08,2898,406,443,1002,1047,122,-12,-10,58,87
57,01,Schleswig-Holstein,2020-09,2779,388,444,946,1001,197,-11,29,82,96
58,01,Schleswig-Holstein,2020-10,2941,421,499,973,1048,109,0,51,9,49
59,01,Schleswig-Holstein,2020-11,2799,388,453,969,989,-43,-10,-2,0,-32
60,01,Schleswig-Holstein,2020-12,3318,414,506,1146,1252,266,-17,27,111,144
61,01,Schleswig-Holstein,2021-01,3602,444,537,1222,1399,415,-16,46,169,215
62,01,Schleswig-Holstein,2021-02,3074,412,434,1018,1210,-86,-8,-43,-68,32
63,01,Schleswig-Holstein,2021-03,3085,475,488,1020,1102,-317,9,-30,-154,-143
64,01,Schleswig-Holstein,2021-04,2911,433,454,951,1073,27,22,12,-29,21
65,01,Schleswig-Holstein,2021-05,2969,435,509,990,1035,175,13,67,41,53
66,01,Schleswig-Holstein,2021-06,2844,430,432,982,1000,188,27,6,82,72
67,01,Schleswig-Holstein,2021-07,2860,447,477,914,1022,85,18,32,-19,54
68,01,Schleswig-Holstein,2021-08,2876,395,464,984,1033,58,-24,16,14,51
69,01,Schleswig-Holstein,2021-09,2828,375,456,920,1077,186,-20,37,28,140
70,01,Schleswig-Holstein,2021-10,3167,444,480,1043,1200,318,22,18,82,196
71,01,Schleswig-Holstein,2021-11,3115,392,489,1008,1226,293,-7,36,38,226
72,01,Schleswig-Holstein,2021-12,3461,482,534,1071,1374,317,50,46,-10,230
73,01,Schleswig-Holstein,2022-01,3408,449,524,1058,1377,112,-9,25,-49,143
74,01,Schleswig-Holstein,2022-02,3161,428,435,1008,1290,92,10,-19,-57,157
75,01,Schleswig-Holstein,2022-03,3394,426,505,1136,1327,7,-51,-8,-33,99
76,01,Schleswig-Holstein,2022-04,3294,447,526,1011,1310,382,28,77,34,242
77,01,Schleswig-Holstein,2022-05,3108,391,507,1044,1166,276,-37,52,79,181
78,01,Schleswig-Holstein,2022-06,3034,401,497,1010,1126,318,-13,69,82,179
79,01,Schleswig-Holstein,2022-07,3247,504,525,973,1245,411,64,63,31,252
80,01,Schleswig-Holstein,2022-08,3227,430,521,1028,1248,373,11,70,50,242
81,01,Schleswig-Holstein,2022-09,3052,417,492,970,1173,339,28,68,61,182
82,01,Schleswig-Holstein,2022-10,3565,474,542,1120,1429,631,45,78,133,375
83,01,Schleswig-Holstein,2022-11,3461,421,567,1108,1365,545,27,103,115,301
84,02,Hamburg,2016-01,1684,284,284,486,630,,,,,
85,02,Hamburg,2016-02,1436,259,250,430,497,,,,,
86,02,Hamburg,2016-03,1529,235,238,495,561,,,,,
87,02,Hamburg,2016-04,1368,209,234,411,514,,,,,
88,02,Hamburg,2016-05,1407,231,226,443,507,,,,,
89,02,Hamburg,2016-06,1334,233,216,409,476,,,,,
90,02,Hamburg,2016-07,1370,234,223,425,488,,,,,
91,02,Hamburg,2016-08,1340,207,240,406,487,,,,,
92,02,Hamburg,2016-09,1265,193,224,376,472,,,,,
93,02,Hamburg,2016-10,1465,218,243,459,545,,,,,
94,02,Hamburg,2016-11,1450,207,271,420,552,,,,,
95,02,Hamburg,2016-12,1619,251,253,480,635,,,,,
96,02,Hamburg,2017-01,1805,274,288,566,677,,,,,
97,02,Hamburg,2017-02,1634,251,252,519,612,,,,,
98,02,Hamburg,2017-03,1588,252,258,509,569,,,,,
99,02,Hamburg,2017-04,1411,221,247,472,471,,,,,
100,02,Hamburg,2017-05,1426,245,207,444,530,,,,,
101,02,Hamburg,2017-06,1288,209,228,420,431,,,,,
102,02,Hamburg,2017-07,1389,218,241,437,493,,,,,
103,02,Hamburg,2017-08,1447,236,235,432,544,,,,,
104,02,Hamburg,2017-09,1299,195,228,425,451,,,,,
105,02,Hamburg,2017-10,1388,207,245,421,515,,,,,
106,02,Hamburg,2017-11,1451,224,254,465,508,,,,,
107,02,Hamburg,2017-12,1514,222,228,517,547,,,,,
108,02,Hamburg,2018-01,1617,222,254,535,606,,,,,
109,02,Hamburg,2018-02,1621,211,236,562,612,,,,,
110,02,Hamburg,2018-03,1901,274,283,601,743,,,,,
111,02,Hamburg,2018-04,1433,239,244,455,495,,,,,
112,02,Hamburg,2018-05,1478,235,235,488,520,,,,,
113,02,Hamburg,2018-06,1344,203,210,446,485,,,,,
114,02,Hamburg,2018-07,1425,217,235,446,527,,,,,
115,02,Hamburg,2018-08,1498,230,238,488,542,,,,,
116,02,Hamburg,2018-09,1303,202,213,418,470,,,,,
117,02,Hamburg,2018-10,1416,230,217,473,496,,,,,
118,02,Hamburg,2018-11,1518,213,255,508,542,,,,,
119,02,Hamburg,2018-12,1614,256,282,550,526,,,,,
120,02,Hamburg,2019-01,1595,269,258,508,560,,,,,
121,02,Hamburg,2019-02,1475,231,215,488,541,,,,,
122,02,Hamburg,2019-03,1594,206,236,556,596,,,,,
123,02,Hamburg,2019-04,1470,233,233,486,518,,,,,
124,02,Hamburg,2019-05,1467,200,250,462,555,,,,,
125,02,Hamburg,2019-06,1335,237,179,454,465,,,,,
126,02,Hamburg,2019-07,1374,218,223,460,473,,,,,
127,02,Hamburg,2019-08,1382,213,228,450,491,,,,,
128,02,Hamburg,2019-09,1305,206,217,439,443,,,,,
129,02,Hamburg,2019-10,1500,219,236,514,531,,,,,
130,02,Hamburg,2019-11,1469,207,230,472,560,,,,,
131,02,Hamburg,2019-12,1508,228,227,456,597,,,,,
132,02,Hamburg,2020-01,1570,221,246,513,590,-105,-41,-25,-11,-28
133,02,Hamburg,2020-02,1467,219,189,506,553,-75,-19,-49,6,-13
134,02,Hamburg,2020-03,1607,220,247,538,602,-46,-22,-7,-2,-15
135,02,Hamburg,2020-04,1653,232,262,537,622,232,6,22,81,122
136,02,Hamburg,2020-05,1452,248,194,483,527,7,20,-36,24,-1
137,02,Hamburg,2020-06,1399,222,211,459,507,74,1,3,27,43
138,02,Hamburg,2020-07,1395,246,211,445,493,5,24,-20,3,-2
139,02,Hamburg,2020-08,1560,240,236,501,583,143,18,1,57,67
140,02,Hamburg,2020-09,1356,182,205,454,515,63,-17,-16,39,56
141,02,Hamburg,2020-10,1427,201,219,486,521,-15,-18,-16,19,-1
142,02,Hamburg,2020-11,1542,207,231,497,607,70,-6,-22,31,66
143,02,Hamburg,2020-12,1880,248,256,637,739,316,9,8,136,163
144,02,Hamburg,2021-01,1926,258,274,603,791,279,11,12,72,183
145,02,Hamburg,2021-02,1514,221,227,472,594,-35,-7,4,-47,14
146,02,Hamburg,2021-03,1503,224,262,481,536,-170,-14,6,-70,-92
147,02,Hamburg,2021-04,1465,247,259,427,532,-27,16,12,-61,5
148,02,Hamburg,2021-05,1450,226,239,462,523,-6,-6,17,-7,-10
149,02,Hamburg,2021-06,1534,256,225,498,555,192,38,18,53,83
150,02,Hamburg,2021-07,1455,227,237,472,519,59,2,9,25,22
151,02,Hamburg,2021-08,1500,222,233,484,561,28,-8,-1,16,21
152,02,Hamburg,2021-09,1519,246,229,486,558,203,50,13,52,88
153,02,Hamburg,2021-10,1550,233,247,455,615,117,19,18,-19,99
154,02,Hamburg,2021-11,1620,244,241,515,620,125,31,-2,29,66
155,02,Hamburg,2021-12,1809,283,280,549,697,180,44,32,9,95
156,02,Hamburg,2022-01,1813,278,256,589,690,136,35,-2,49,53
157,02,Hamburg,2022-02,1515,225,233,460,597,-4,4,16,-47,22
158,02,Hamburg,2022-03,1674,238,260,504,672,23,7,3,-40,53
159,02,Hamburg,2022-04,1568,228,254,496,590,63,-10,4,20,48
160,02,Hamburg,2022-05,1616,257,265,488,606,154,30,35,14,75
161,02,Hamburg,2022-06,1477,246,218,439,574,74,16,12,-25,71
162,02,Hamburg,2022-07,1533,216,244,485,588,121,-11,17,29,85
163,02,Hamburg,2022-08,1565,258,240,483,584,80,32,6,2,40
164,02,Hamburg,2022-09,1507,226,230,455,596,136,17,14,6,99
165,02,Hamburg,2022-10,1662,243,247,501,671,189,22,17,19,130
166,02,Hamburg,2022-11,1700,227,250,508,715,163,9,11,10,133
167,03,Niedersachsen,2016-01,8604,1280,1382,2724,3218,,,,,
168,03,Niedersachsen,2016-02,7768,1239,1195,2437,2897,,,,,
169,03,Niedersachsen,2016-03,8469,1225,1295,2730,3219,,,,,
170,03,Niedersachsen,2016-04,7690,1145,1164,2490,2891,,,,,
171,03,Niedersachsen,2016-05,7709,1245,1174,2419,2871,,,,,
172,03,Niedersachsen,2016-06,6897,1123,1092,2135,2547,,,,,
173,03,Niedersachsen,2016-07,7263,1181,1129,2295,2658,,,,,
174,03,Niedersachsen,2016-08,7061,1059,1055,2341,2606,,,,,
175,03,Niedersachsen,2016-09,7008,1100,1071,2191,2646,,,,,
176,03,Niedersachsen,2016-10,7631,1231,1143,2409,2848,,,,,
177,03,Niedersachsen,2016-11,7716,1157,1133,2496,2930,,,,,
178,03,Niedersachsen,2016-12,8552,1217,1317,2740,3278,,,,,
179,03,Niedersachsen,2017-01,9364,1283,1285,2963,3833,,,,,
180,03,Niedersachsen,2017-02,9174,1182,1334,2878,3780,,,,,
181,03,Niedersachsen,2017-03,8529,1191,1254,2759,3325,,,,,
182,03,Niedersachsen,2017-04,7362,1105,1099,2395,2763,,,,,
183,03,Niedersachsen,2017-05,7654,1136,1146,2542,2830,,,,,
184,03,Niedersachsen,2017-06,6854,1043,1081,2188,2542,,,,,
185,03,Niedersachsen,2017-07,7095,1120,1161,2306,2508,,,,,
186,03,Niedersachsen,2017-08,7322,1124,1137,2323,2738,,,,,
187,03,Niedersachsen,2017-09,6988,1116,1073,2284,2515,,,,,
188,03,Niedersachsen,2017-10,7507,1182,1105,2417,2803,,,,,
189,03,Niedersachsen,2017-11,7553,1149,1173,2460,2771,,,,,
190,03,Niedersachsen,2017-12,8311,1181,1264,2735,3131,,,,,
191,03,Niedersachsen,2018-01,8724,1311,1291,2847,3275,,,,,
192,03,Niedersachsen,2018-02,8637,1186,1216,2840,3395,,,,,
193,03,Niedersachsen,2018-03,11003,1393,1534,3554,4522,,,,,
194,03,Niedersachsen,2018-04,8053,1137,1216,2596,3104,,,,,
195,03,Niedersachsen,2018-05,7372,1135,1061,2428,2748,,,,,
196,03,Niedersachsen,2018-06,6901,1110,1071,2247,2473,,,,,
197,03,Niedersachsen,2018-07,7832,1237,1162,2531,2902,,,,,
198,03,Niedersachsen,2018-08,7739,1182,1157,2487,2913,,,,,
199,03,Niedersachsen,2018-09,6914,1072,1094,2219,2529,,,,,
200,03,Niedersachsen,2018-10,7398,1189,1132,2412,2665,,,,,
201,03,Niedersachsen,2018-11,7570,1161,1225,2458,2726,,,,,
202,03,Niedersachsen,2018-12,8022,1133,1214,2640,3035,,,,,
203,03,Niedersachsen,2019-01,8410,1243,1264,2653,3250,,,,,
204,03,Niedersachsen,2019-02,8028,1143,1163,2675,3047,,,,,
205,03,Niedersachsen,2019-03,8678,1209,1323,2857,3289,,,,,
206,03,Niedersachsen,2019-04,7934,1112,1201,2703,2918,,,,,
207,03,Niedersachsen,2019-05,7651,1161,1144,2550,2796,,,,,
208,03,Niedersachsen,2019-06,7347,1134,1101,2406,2706,,,,,
209,03,Niedersachsen,2019-07,7665,1117,1196,2550,2802,,,,,
210,03,Niedersachsen,2019-08,7375,1123,1132,2446,2674,,,,,
211,03,Niedersachsen,2019-09,7200,1114,1051,2393,2642,,,,,
212,03,Niedersachsen,2019-10,7766,1146,1172,2573,2875,,,,,
213,03,Niedersachsen,2019-11,7832,1132,1109,2634,2957,,,,,
214,03,Niedersachsen,2019-12,8370,1227,1304,2705,3134,,,,,
215,03,Niedersachsen,2020-01,8661,1253,1272,2802,3334,-115,-26,-34,5,-60
216,03,Niedersachsen,2020-02,7986,1132,1202,2543,3109,-416,-56,-25,-165,-171
217,03,Niedersachsen,2020-03,8912,1259,1391,2878,3384,-258,4,39,-97,-205
218,03,Niedersachsen,2020-04,8230,1138,1196,2719,3177,470,13,26,173,258
219,03,Niedersachsen,2020-05,7692,1170,1210,2441,2871,95,1,79,-44,60
220,03,Niedersachsen,2020-06,7293,1132,1092,2406,2663,293,29,6,162,96
221,03,Niedersachsen,2020-07,7289,1100,1149,2351,2689,-175,-64,-13,-70,-29
222,03,Niedersachsen,2020-08,8095,1126,1238,2603,3128,721,4,118,204,395
223,03,Niedersachsen,2020-09,7557,1108,1134,2503,2812,529,7,62,231,229
224,03,Niedersachsen,2020-10,7875,1199,1234,2471,2971,299,12,96,18,173
225,03,Niedersachsen,2020-11,8118,1145,1231,2593,3149,450,-5,71,81,303
226,03,Niedersachsen,2020-12,9272,1203,1383,2923,3763,958,13,108,218,618
227,03,Niedersachsen,2021-01,9498,1253,1418,2994,3833,708,-20,140,178,410
228,03,Niedersachsen,2021-02,8322,1134,1277,2669,3242,-134,-27,48,-65,-91
229,03,Niedersachsen,2021-03,8167,1208,1330,2578,3051,-1114,-55,-46,-434,-579
230,03,Niedersachsen,2021-04,7930,1196,1305,2507,2922,35,73,127,-96,-69
231,03,Niedersachsen,2021-05,7962,1219,1311,2518,2914,370,68,171,28,103
232,03,Niedersachsen,2021-06,7840,1211,1269,2402,2958,741,106,183,90,362
233,03,Niedersachsen,2021-07,7760,1121,1260,2460,2919,290,-23,93,25,194
234,03,Niedersachsen,2021-08,7746,1197,1202,2368,2979,113,58,36,-97,116
235,03,Niedersachsen,2021-09,7967,1157,1291,2416,3103,802,54,203,66,478
236,03,Niedersachsen,2021-10,8352,1232,1367,2551,3202,715,53,206,83,373
237,03,Niedersachsen,2021-11,8902,1256,1387,2727,3532,1134,109,202,191,631
238,03,Niedersachsen,2021-12,9519,1321,1515,2933,3750,1025,135,224,182,484
239,03,Niedersachsen,2022-01,8759,1251,1359,2672,3477,-64,-14,48,-152,54
240,03,Niedersachsen,2022-02,8119,1109,1227,2504,3279,-124,-40,12,-178,81
241,03,Niedersachsen,2022-03,9434,1213,1489,2878,3854,244,-54,94,-89,292
242,03,Niedersachsen,2022-04,9092,1240,1423,2721,3708,1055,94,193,90,678
243,03,Niedersachsen,2022-05,8354,1177,1337,2569,3271,685,6,155,85,439
244,03,Niedersachsen,2022-06,8080,1160,1341,2440,3139,735,13,208,75,439
245,03,Niedersachsen,2022-07,8614,1181,1342,2653,3438,977,37,150,180,610
246,03,Niedersachsen,2022-08,8803,1256,1358,2604,3585,1064,99,176,128,661
247,03,Niedersachsen,2022-09,8290,1141,1347,2479,3323,880,28,204,96,551
248,03,Niedersachsen,2022-10,9569,1182,1468,2944,3975,1721,-10,242,442,1047
249,03,Niedersachsen,2022-11,9076,1174,1369,2777,3756,970,0,131,174,665
250,04,Bremen,2016-01,673,111,117,202,243,,,,,
251,04,Bremen,2016-02,659,109,106,219,225,,,,,
252,04,Bremen,2016-03,660,95,140,198,227,,,,,
253,04,Bremen,2016-04,566,95,88,172,211,,,,,
254,04,Bremen,2016-05,636,106,91,221,218,,,,,
255,04,Bremen,2016-06,600,104,108,187,201,,,,,
256,04,Bremen,2016-07,628,110,107,188,223,,,,,
257,04,Bremen,2016-08,614,121,104,191,198,,,,,
258,04,Bremen,2016-09,595,103,107,170,215,,,,,
259,04,Bremen,2016-10,683,127,119,211,226,,,,,
260,04,Bremen,2016-11,689,97,115,213,264,,,,,
261,04,Bremen,2016-12,729,125,119,223,262,,,,,
262,04,Bremen,2017-01,779,113,125,277,264,,,,,
263,04,Bremen,2017-02,765,119,106,230,310,,,,,
264,04,Bremen,2017-03,679,102,112,219,246,,,,,
265,04,Bremen,2017-04,640,97,118,223,202,,,,,
266,04,Bremen,2017-05,660,114,107,212,227,,,,,
267,04,Bremen,2017-06,604,106,103,186,209,,,,,
268,04,Bremen,2017-07,621,100,111,207,203,,,,,
269,04,Bremen,2017-08,568,94,92,172,210,,,,,
270,04,Bremen,2017-09,613,89,111,194,219,,,,,
271,04,Bremen,2017-10,657,112,91,238,216,,,,,
272,04,Bremen,2017-11,649,95,110,214,230,,,,,
273,04,Bremen,2017-12,669,94,112,215,248,,,,,
274,04,Bremen,2018-01,753,128,132,243,250,,,,,
275,04,Bremen,2018-02,749,118,131,238,262,,,,,
276,04,Bremen,2018-03,922,141,150,291,340,,,,,
277,04,Bremen,2018-04,648,116,96,207,229,,,,,
278,04,Bremen,2018-05,580,104,111,195,170,,,,,
279,04,Bremen,2018-06,597,114,96,207,180,,,,,
280,04,Bremen,2018-07,653,121,111,198,223,,,,,
281,04,Bremen,2018-08,633,111,92,201,229,,,,,
282,04,Bremen,2018-09,612,93,105,217,197,,,,,
283,04,Bremen,2018-10,635,117,112,207,199,,,,,
284,04,Bremen,2018-11,619,105,108,187,219,,,,,
285,04,Bremen,2018-12,667,105,95,240,227,,,,,
286,04,Bremen,2019-01,682,103,124,218,237,,,,,
287,04,Bremen,2019-02,671,105,107,216,243,,,,,
288,04,Bremen,2019-03,689,102,119,235,233,,,,,
289,04,Bremen,2019-04,626,108,84,207,227,,,,,
290,04,Bremen,2019-05,634,99,129,200,206,,,,,
291,04,Bremen,2019-06,605,101,89,204,211,,,,,
292,04,Bremen,2019-07,647,105,111,214,217,,,,,
293,04,Bremen,2019-08,582,111,90,176,205,,,,,
294,04,Bremen,2019-09,584,85,99,188,212,,,,,
295,04,Bremen,2019-10,650,110,93,223,224,,,,,
296,04,Bremen,2019-11,686,117,107,231,231,,,,,
297,04,Bremen,2019-12,648,92,120,192,244,,,,,
298,04,Bremen,2020-01,720,120,115,229,256,-2,6,-10,-6,7
299,04,Bremen,2020-02,689,105,101,252,231,-22,-8,-12,26,-29
300,04,Bremen,2020-03,738,133,113,247,245,0,23,-17,11,-17
301,04,Bremen,2020-04,685,113,106,239,227,65,9,9,37,10
302,04,Bremen,2020-05,637,120,111,202,204,9,14,1,-5,-1
303,04,Bremen,2020-06,656,115,103,188,250,54,9,4,-8,50
304,04,Bremen,2020-07,641,118,102,202,219,4,9,-8,0,2
305,04,Bremen,2020-08,716,140,116,214,246,117,31,21,29,35
306,04,Bremen,2020-09,629,99,103,190,237,28,6,-3,-2,26
307,04,Bremen,2020-10,657,112,117,199,229,1,-5,13,-21,13
308,04,Bremen,2020-11,663,100,87,229,247,2,-4,-23,18,11
309,04,Bremen,2020-12,720,101,106,235,278,42,-3,-6,17,33
310,04,Bremen,2021-01,718,126,108,234,250,-16,10,-16,-8,-2
311,04,Bremen,2021-02,675,88,99,226,262,-44,-24,-12,-8,0
312,04,Bremen,2021-03,685,104,109,230,242,-72,-16,-15,-18,-24
313,04,Bremen,2021-04,695,129,137,215,214,45,20,36,-4,-7
314,04,Bremen,2021-05,633,113,107,202,211,5,4,-8,0,9
315,04,Bremen,2021-06,651,127,115,202,207,35,18,17,6,-6
316,04,Bremen,2021-07,631,113,99,178,241,-10,2,-10,-27,25
317,04,Bremen,2021-08,653,84,116,227,226,28,-30,18,36,3
318,04,Bremen,2021-09,648,108,106,199,235,38,16,1,2,19
319,04,Bremen,2021-10,671,105,126,210,230,21,-8,23,-7,13
320,04,Bremen,2021-11,710,125,110,218,257,56,21,7,3,25
321,04,Bremen,2021-12,810,128,156,244,282,134,30,48,23,33
322,04,Bremen,2022-01,757,133,116,229,279,39,14,-4,-2,31
323,04,Bremen,2022-02,689,108,116,210,255,-7,4,6,-23,5
324,04,Bremen,2022-03,737,115,119,223,280,-22,-5,-4,-28,15
325,04,Bremen,2022-04,705,113,130,220,242,41,-4,24,3,18
326,04,Bremen,2022-05,731,120,126,223,262,110,11,11,23,64
327,04,Bremen,2022-06,681,123,113,210,235,54,9,12,10,23
328,04,Bremen,2022-07,727,151,117,212,247,84,37,11,14,22
329,04,Bremen,2022-08,725,120,124,214,267,79,8,20,9,40
330,04,Bremen,2022-09,637,107,107,186,237,19,11,4,-13,17
331,04,Bremen,2022-10,762,108,130,216,308,109,-3,18,6,87
332,04,Bremen,2022-11,716,119,107,248,242,46,7,4,32,3
333,05,Nordrhein-Westfalen,2016-01,17741,2657,2714,5676,6694,,,,,
334,05,Nordrhein-Westfalen,2016-02,16926,2648,2571,5441,6266,,,,,
335,05,Nordrhein-Westfalen,2016-03,18805,2950,2952,6155,6748,,,,,
336,05,Nordrhein-Westfalen,2016-04,16968,2677,2674,5427,6190,,,,,
337,05,Nordrhein-Westfalen,2016-05,16651,2647,2661,5318,6025,,,,,
338,05,Nordrhein-Westfalen,2016-06,15271,2491,2388,4997,5395,,,,,
339,05,Nordrhein-Westfalen,2016-07,16299,2636,2485,5284,5894,,,,,
340,05,Nordrhein-Westfalen,2016-08,15980,2586,2525,5155,5714,,,,,
341,05,Nordrhein-Westfalen,2016-09,15455,2463,2428,4941,5623,,,,,
342,05,Nordrhein-Westfalen,2016-10,16674,2696,2612,5346,6020,,,,,
343,05,Nordrhein-Westfalen,2016-11,17012,2586,2460,5544,6422,,,,,
344,05,Nordrhein-Westfalen,2016-12,18468,2686,2654,6024,7104,,,,,
345,05,Nordrhein-Westfalen,2017-01,20841,2843,3120,6744,8134,,,,,
346,05,Nordrhein-Westfalen,2017-02,19631,2572,2788,6349,7922,,,,,
347,05,Nordrhein-Westfalen,2017-03,18370,2642,2778,6012,6938,,,,,
348,05,Nordrhein-Westfalen,2017-04,16148,2515,2492,5199,5942,,,,,
349,05,Nordrhein-Westfalen,2017-05,16728,2606,2590,5432,6100,,,,,
350,05,Nordrhein-Westfalen,2017-06,15402,2511,2322,5063,5506,,,,,
351,05,Nordrhein-Westfalen,2017-07,15773,2534,2382,5153,5704,,,,,
352,05,Nordrhein-Westfalen,2017-08,15482,2387,2457,5082,5556,,,,,
353,05,Nordrhein-Westfalen,2017-09,15089,2306,2383,4957,5443,,,,,
354,05,Nordrhein-Westfalen,2017-10,16451,2538,2463,5304,6146,,,,,
355,05,Nordrhein-Westfalen,2017-11,16673,2567,2540,5427,6139,,,,,
356,05,Nordrhein-Westfalen,2017-12,18248,2670,2701,5988,6889,,,,,
357,05,Nordrhein-Westfalen,2018-01,18733,2746,2811,6035,7141,,,,,
358,05,Nordrhein-Westfalen,2018-02,19156,2725,2824,6228,7379,,,,,
359,05,Nordrhein-Westfalen,2018-03,24025,3243,3438,7745,9599,,,,,
360,05,Nordrhein-Westfalen,2018-04,17552,2622,2613,5803,6514,,,,,
361,05,Nordrhein-Westfalen,2018-05,16453,2558,2582,5279,6034,,,,,
362,05,Nordrhein-Westfalen,2018-06,15259,2454,2380,4973,5452,,,,,
363,05,Nordrhein-Westfalen,2018-07,17220,2622,2538,5686,6374,,,,,
364,05,Nordrhein-Westfalen,2018-08,17359,2593,2580,5745,6441,,,,,
365,05,Nordrhein-Westfalen,2018-09,15384,2387,2375,5020,5602,,,,,
366,05,Nordrhein-Westfalen,2018-10,16270,2504,2498,5271,5997,,,,,
367,05,Nordrhein-Westfalen,2018-11,16076,2495,2369,5291,5921,,,,,
368,05,Nordrhein-Westfalen,2018-12,17653,2612,2601,5848,6592,,,,,
369,05,Nordrhein-Westfalen,2019-01,18634,2727,2833,6016,7058,,,,,
370,05,Nordrhein-Westfalen,2019-02,17901,2645,2733,5881,6642,,,,,
371,05,Nordrhein-Westfalen,2019-03,19107,2782,2823,6352,7150,,,,,
372,05,Nordrhein-Westfalen,2019-04,17070,2559,2584,5661,6266,,,,,
373,05,Nordrhein-Westfalen,2019-05,16489,2524,2491,5364,6110,,,,,
374,05,Nordrhein-Westfalen,2019-06,16183,2520,2409,5372,5882,,,,,
375,05,Nordrhein-Westfalen,2019-07,17356,2574,2701,5663,6418,,,,,
376,05,Nordrhein-Westfalen,2019-08,16184,2459,2436,5337,5952,,,,,
377,05,Nordrhein-Westfalen,2019-09,15344,2286,2330,5084,5644,,,,,
378,05,Nordrhein-Westfalen,2019-10,17040,2475,2643,5568,6354,,,,,
379,05,Nordrhein-Westfalen,2019-11,17099,2445,2526,5644,6484,,,,,
380,05,Nordrhein-Westfalen,2019-12,18072,2647,2781,5712,6932,,,,,
381,05,Nordrhein-Westfalen,2020-01,18368,2712,2788,5877,6991,-619,-31,-82,-241,-266
382,05,Nordrhein-Westfalen,2020-02,17537,2517,2748,5693,6579,-867,-131,19,-282,-473
383,05,Nordrhein-Westfalen,2020-03,19411,2713,2907,6255,7536,-666,-191,-91,-311,-73
384,05,Nordrhein-Westfalen,2020-04,18141,2607,2692,5904,6938,1206,14,101,381,710
385,05,Nordrhein-Westfalen,2020-05,16593,2552,2611,5177,6253,13,-32,30,-171,186
386,05,Nordrhein-Westfalen,2020-06,15983,2426,2505,5006,6046,454,-68,130,-95,487
387,05,Nordrhein-Westfalen,2020-07,16094,2477,2482,5138,5997,-568,-115,-45,-309,-101
388,05,Nordrhein-Westfalen,2020-08,18037,2553,2730,5673,7081,1786,47,230,343,1165
389,05,Nordrhein-Westfalen,2020-09,16183,2449,2527,5104,6103,865,88,148,103,525
390,05,Nordrhein-Westfalen,2020-10,17462,2574,2693,5555,6640,853,21,139,183,511
391,05,Nordrhein-Westfalen,2020-11,18608,2568,2847,5934,7259,1893,45,373,457,1017
392,05,Nordrhein-Westfalen,2020-12,21896,2797,3271,7033,8795,3786,143,587,1140,1916
393,05,Nordrhein-Westfalen,2021-01,21692,2923,3196,6745,8828,2548,166,308,577,1497
394,05,Nordrhein-Westfalen,2021-02,17617,2398,2768,5577,6874,-939,-217,-5,-461,-257
395,05,Nordrhein-Westfalen,2021-03,17816,2619,2982,5584,6631,-2412,-226,-5,-1007,-1175
396,05,Nordrhein-Westfalen,2021-04,17768,2757,2971,5557,6483,540,181,376,-85,68
397,05,Nordrhein-Westfalen,2021-05,17842,2752,3116,5443,6531,1276,192,547,130,407
398,05,Nordrhein-Westfalen,2021-06,16904,2607,2753,5155,6389,1197,129,349,51,667
399,05,Nordrhein-Westfalen,2021-07,16851,2642,2828,5104,6277,240,90,302,-306,154
400,05,Nordrhein-Westfalen,2021-08,16905,2583,2715,4994,6613,139,85,164,-465,355
401,05,Nordrhein-Westfalen,2021-09,17392,2568,2789,5236,6799,1892,211,385,195,1101
402,05,Nordrhein-Westfalen,2021-10,18340,2584,3076,5561,7119,1534,61,502,136,835
403,05,Nordrhein-Westfalen,2021-11,19291,2716,3040,5919,7616,2177,197,469,345,1165
404,05,Nordrhein-Westfalen,2021-12,21617,2996,3426,6577,8618,2650,314,587,432,1316
405,05,Nordrhein-Westfalen,2022-01,19478,2762,3079,5988,7649,121,-15,172,-180,144
406,05,Nordrhein-Westfalen,2022-02,18486,2526,2835,5566,7559,433,-45,67,-279,690
407,05,Nordrhein-Westfalen,2022-03,20360,2722,3169,6033,8436,270,-117,131,-451,707
408,05,Nordrhein-Westfalen,2022-04,18655,2607,2949,5561,7538,1022,-29,234,-170,988
409,05,Nordrhein-Westfalen,2022-05,17933,2566,2953,5248,7166,1089,-31,253,-68,934
410,05,Nordrhein-Westfalen,2022-06,17300,2502,2924,5123,6751,1218,0,412,-4,809
411,05,Nordrhein-Westfalen,2022-07,18636,2670,3093,5585,7288,1756,91,456,187,1021
412,05,Nordrhein-Westfalen,2022-08,19240,2647,3023,5688,7882,2119,100,408,251,1360
413,05,Nordrhein-Westfalen,2022-09,17879,2490,2930,5288,7171,1803,67,425,177,1134
414,05,Nordrhein-Westfalen,2022-10,20478,2708,3204,6124,8442,3200,174,476,635,1914
415,05,Nordrhein-Westfalen,2022-11,19426,2641,3140,5740,7905,1657,85,444,43,1085
416,06,Hessen,2016-01,5716,842,848,1853,2173,,,,,
417,06,Hessen,2016-02,5260,771,812,1666,2011,,,,,
418,06,Hessen,2016-03,5907,851,944,1814,2298,,,,,
419,06,Hessen,2016-04,5388,784,851,1692,2061,,,,,
420,06,Hessen,2016-05,5190,724,819,1660,1987,,,,,
421,06,Hessen,2016-06,5000,766,748,1602,1884,,,,,
422,06,Hessen,2016-07,5018,759,811,1581,1867,,,,,
423,06,Hessen,2016-08,5024,758,797,1553,1916,,,,,
424,06,Hessen,2016-09,4863,724,734,1524,1881,,,,,
425,06,Hessen,2016-10,5339,760,785,1726,2068,,,,,
426,06,Hessen,2016-11,5502,755,855,1773,2119,,,,,
427,06,Hessen,2016-12,5874,797,926,1850,2301,,,,,
428,06,Hessen,2017-01,6804,865,972,2144,2823,,,,,
429,06,Hessen,2017-02,6566,807,923,2029,2807,,,,,
430,06,Hessen,2017-03,5872,835,829,1905,2303,,,,,
431,06,Hessen,2017-04,5095,765,785,1656,1889,,,,,
432,06,Hessen,2017-05,5349,771,841,1696,2041,,,,,
433,06,Hessen,2017-06,4982,760,771,1597,1854,,,,,
434,06,Hessen,2017-07,5027,713,783,1586,1945,,,,,
435,06,Hessen,2017-08,5227,811,767,1670,1979,,,,,
436,06,Hessen,2017-09,5104,764,755,1610,1975,,,,,
437,06,Hessen,2017-10,5334,775,794,1724,2041,,,,,
438,06,Hessen,2017-11,5242,764,813,1658,2007,,,,,
439,06,Hessen,2017-12,5735,790,851,1841,2253,,,,,
440,06,Hessen,2018-01,5873,822,857,1881,2313,,,,,
441,06,Hessen,2018-02,5934,784,914,1910,2326,,,,,
442,06,Hessen,2018-03,7269,956,1038,2316,2959,,,,,
443,06,Hessen,2018-04,5556,796,761,1794,2205,,,,,
444,06,Hessen,2018-05,5199,739,825,1730,1905,,,,,
445,06,Hessen,2018-06,4832,729,705,1570,1828,,,,,
446,06,Hessen,2018-07,5191,812,759,1614,2006,,,,,
447,06,Hessen,2018-08,5699,783,883,1796,2237,,,,,
448,06,Hessen,2018-09,5091,758,798,1656,1879,,,,,
449,06,Hessen,2018-10,5310,801,811,1670,2028,,,,,
450,06,Hessen,2018-11,5374,766,791,1743,2074,,,,,
451,06,Hessen,2018-12,5839,790,817,1946,2286,,,,,
452,06,Hessen,2019-01,6077,819,868,2003,2387,,,,,
453,06,Hessen,2019-02,5763,745,864,1864,2290,,,,,
454,06,Hessen,2019-03,6099,808,880,1987,2424,,,,,
455,06,Hessen,2019-04,5515,812,819,1793,2091,,,,,
456,06,Hessen,2019-05,5325,737,802,1751,2035,,,,,
457,06,Hessen,2019-06,5166,736,751,1706,1973,,,,,
458,06,Hessen,2019-07,5421,756,807,1803,2055,,,,,
459,06,Hessen,2019-08,5218,794,802,1651,1971,,,,,
460,06,Hessen,2019-09,5042,758,788,1639,1857,,,,,
461,06,Hessen,2019-10,5403,724,829,1785,2065,,,,,
462,06,Hessen,2019-11,5648,789,843,1809,2207,,,,,
463,06,Hessen,2019-12,5992,828,850,1988,2326,,,,,
464,06,Hessen,2020-01,6025,818,878,1906,2423,-93,-19,-8,-64,-1
465,06,Hessen,2020-02,5595,790,795,1834,2176,-286,13,-83,-33,-183
466,06,Hessen,2020-03,6019,744,921,1923,2431,-268,-119,-2,-83,-65
467,06,Hessen,2020-04,5839,804,852,1830,2353,450,15,48,96,291
468,06,Hessen,2020-05,5429,793,837,1738,2061,163,50,15,29,69
469,06,Hessen,2020-06,5047,752,696,1582,2017,52,4,-48,-37,132
470,06,Hessen,2020-07,5266,784,802,1669,2011,102,24,12,23,43
471,06,Hessen,2020-08,5504,794,869,1678,2163,212,7,57,10,137
472,06,Hessen,2020-09,5366,741,809,1689,2127,341,-10,40,82,229
473,06,Hessen,2020-10,5783,779,893,1864,2247,436,14,88,138,196
474,06,Hessen,2020-11,6222,796,923,1986,2517,780,27,97,240,415
475,06,Hessen,2020-12,7956,967,1100,2526,3363,2096,166,239,620,1071
476,06,Hessen,2021-01,7865,931,1124,2565,3245,1670,100,230,581,758
477,06,Hessen,2021-02,5926,810,922,1852,2342,-39,28,48,-57,-58
478,06,Hessen,2021-03,5838,767,938,1869,2264,-477,-69,21,-164,-265
479,06,Hessen,2021-04,5858,825,959,1831,2243,357,31,155,63,108
480,06,Hessen,2021-05,5710,820,1022,1730,2138,384,60,196,1,127
481,06,Hessen,2021-06,5415,771,881,1710,2053,408,27,150,96,135
482,06,Hessen,2021-07,5511,786,882,1691,2152,285,20,94,23,148
483,06,Hessen,2021-08,5350,797,863,1597,2093,-62,1,33,-102,5
484,06,Hessen,2021-09,5453,796,907,1669,2081,302,41,119,20,121
485,06,Hessen,2021-10,5864,792,884,1865,2323,406,22,52,104,228
486,06,Hessen,2021-11,6628,908,995,2068,2657,1006,129,152,269,456
487,06,Hessen,2021-12,6859,888,1048,2142,2781,478,44,143,67,224
488,06,Hessen,2022-01,6332,885,961,1905,2581,-128,37,29,-184,-11
489,06,Hessen,2022-02,5861,753,878,1752,2478,56,-29,4,-113,194
490,06,Hessen,2022-03,6455,812,999,1994,2650,149,-7,55,-30,130
491,06,Hessen,2022-04,5931,762,921,1784,2464,239,-47,73,-28,241
492,06,Hessen,2022-05,5733,845,958,1652,2278,317,73,86,-85,243
493,06,Hessen,2022-06,5639,814,901,1683,2241,524,67,143,41,273
494,06,Hessen,2022-07,6150,828,1008,1815,2499,803,43,195,121,443
495,06,Hessen,2022-08,6397,849,965,1905,2678,954,57,111,224,562
496,06,Hessen,2022-09,5753,821,903,1694,2335,515,58,77,31,349
497,06,Hessen,2022-10,6736,851,1056,2011,2818,1146,77,202,215,652
498,06,Hessen,2022-11,6230,774,980,1890,2586,262,-41,92,-12,222
499,07,Rheinland-Pfalz,2016-01,4053,566,598,1308,1581,,,,,
500,07,Rheinland-Pfalz,2016-02,3901,549,625,1273,1454,,,,,
501,07,Rheinland-Pfalz,2016-03,4281,642,597,1405,1637,,,,,
502,07,Rheinland-Pfalz,2016-04,3821,563,557,1238,1463,,,,,
503,07,Rheinland-Pfalz,2016-05,3810,579,537,1215,1479,,,,,
504,07,Rheinland-Pfalz,2016-06,3435,534,547,1137,1217,,,,,
505,07,Rheinland-Pfalz,2016-07,3697,557,539,1247,1354,,,,,
506,07,Rheinland-Pfalz,2016-08,3583,560,504,1159,1360,,,,,
507,07,Rheinland-Pfalz,2016-09,3434,517,515,1151,1251,,,,,
508,07,Rheinland-Pfalz,2016-10,3907,576,578,1248,1505,,,,,
509,07,Rheinland-Pfalz,2016-11,3779,507,535,1318,1419,,,,,
510,07,Rheinland-Pfalz,2016-12,4162,594,595,1355,1618,,,,,
511,07,Rheinland-Pfalz,2017-01,4778,602,629,1516,2031,,,,,
512,07,Rheinland-Pfalz,2017-02,4673,556,607,1492,2018,,,,,
513,07,Rheinland-Pfalz,2017-03,4176,572,636,1321,1647,,,,,
514,07,Rheinland-Pfalz,2017-04,3792,575,559,1211,1447,,,,,
515,07,Rheinland-Pfalz,2017-05,3916,613,577,1267,1459,,,,,
516,07,Rheinland-Pfalz,2017-06,3553,565,522,1140,1326,,,,,
517,07,Rheinland-Pfalz,2017-07,3772,571,599,1167,1435,,,,,
518,07,Rheinland-Pfalz,2017-08,3522,551,529,1090,1352,,,,,
519,07,Rheinland-Pfalz,2017-09,3494,543,492,1142,1317,,,,,
520,07,Rheinland-Pfalz,2017-10,3761,503,547,1222,1489,,,,,
521,07,Rheinland-Pfalz,2017-11,3805,560,589,1159,1497,,,,,
522,07,Rheinland-Pfalz,2017-12,4143,578,607,1308,1650,,,,,
523,07,Rheinland-Pfalz,2018-01,4150,553,596,1357,1644,,,,,
524,07,Rheinland-Pfalz,2018-02,4298,606,594,1408,1690,,,,,
525,07,Rheinland-Pfalz,2018-03,5536,722,786,1782,2246,,,,,
526,07,Rheinland-Pfalz,2018-04,3958,603,557,1312,1486,,,,,
527,07,Rheinland-Pfalz,2018-05,3761,569,552,1247,1393,,,,,
528,07,Rheinland-Pfalz,2018-06,3620,571,540,1187,1322,,,,,
529,07,Rheinland-Pfalz,2018-07,3852,581,586,1253,1432,,,,,
530,07,Rheinland-Pfalz,2018-08,3961,603,582,1184,1592,,,,,
531,07,Rheinland-Pfalz,2018-09,3503,510,557,1120,1316,,,,,
532,07,Rheinland-Pfalz,2018-10,3733,600,545,1220,1368,,,,,
533,07,Rheinland-Pfalz,2018-11,3840,563,544,1226,1507,,,,,
534,07,Rheinland-Pfalz,2018-12,4087,606,562,1384,1535,,,,,
535,07,Rheinland-Pfalz,2019-01,4361,610,608,1446,1697,,,,,
536,07,Rheinland-Pfalz,2019-02,4191,591,626,1392,1582,,,,,
537,07,Rheinland-Pfalz,2019-03,4481,578,669,1475,1759,,,,,
538,07,Rheinland-Pfalz,2019-04,3897,564,583,1263,1487,,,,,
539,07,Rheinland-Pfalz,2019-05,3766,518,592,1209,1447,,,,,
540,07,Rheinland-Pfalz,2019-06,3711,565,553,1197,1396,,,,,
541,07,Rheinland-Pfalz,2019-07,3938,595,600,1215,1528,,,,,
542,07,Rheinland-Pfalz,2019-08,3612,506,574,1175,1357,,,,,
543,07,Rheinland-Pfalz,2019-09,3642,507,561,1181,1393,,,,,
544,07,Rheinland-Pfalz,2019-10,3822,524,578,1266,1454,,,,,
545,07,Rheinland-Pfalz,2019-11,4020,568,625,1300,1527,,,,,
546,07,Rheinland-Pfalz,2019-12,4178,581,625,1343,1629,,,,,
547,07,Rheinland-Pfalz,2020-01,4283,610,655,1354,1664,-53,27,47,-53,-74
548,07,Rheinland-Pfalz,2020-02,3987,554,595,1300,1538,-279,-22,-18,-91,-148
549,07,Rheinland-Pfalz,2020-03,4362,613,672,1356,1721,-257,-16,0,-140,-101
550,07,Rheinland-Pfalz,2020-04,4002,550,623,1296,1533,135,-26,59,40,62
551,07,Rheinland-Pfalz,2020-05,3923,583,618,1174,1548,110,13,53,-61,103
552,07,Rheinland-Pfalz,2020-06,3587,551,551,1119,1366,7,-8,10,-46,51
553,07,Rheinland-Pfalz,2020-07,3707,553,595,1157,1402,-108,-23,14,-64,-35
554,07,Rheinland-Pfalz,2020-08,3941,577,637,1208,1519,271,22,90,56,104
555,07,Rheinland-Pfalz,2020-09,3770,528,545,1195,1502,252,9,14,46,183
556,07,Rheinland-Pfalz,2020-10,3937,509,584,1226,1618,131,-42,22,-13,164
557,07,Rheinland-Pfalz,2020-11,4272,581,660,1288,1743,411,31,87,37,255
558,07,Rheinland-Pfalz,2020-12,5398,688,761,1627,2322,1255,98,164,279,714
559,07,Rheinland-Pfalz,2021-01,5231,626,762,1623,2220,838,32,140,205,461
560,07,Rheinland-Pfalz,2021-02,3878,539,600,1225,1514,-409,-38,-6,-173,-193
561,07,Rheinland-Pfalz,2021-03,3922,614,575,1212,1521,-717,-7,-116,-272,-322
562,07,Rheinland-Pfalz,2021-04,4003,600,666,1204,1533,91,27,85,-67,45
563,07,Rheinland-Pfalz,2021-05,4026,633,678,1159,1556,184,62,93,-65,94
564,07,Rheinland-Pfalz,2021-06,3794,550,633,1111,1500,176,-13,91,-50,147
565,07,Rheinland-Pfalz,2021-07,4071,652,655,1190,1574,254,77,60,-8,125
566,07,Rheinland-Pfalz,2021-08,3923,591,658,1167,1507,164,32,77,3,52
567,07,Rheinland-Pfalz,2021-09,3959,537,663,1198,1561,357,15,124,38,179
568,07,Rheinland-Pfalz,2021-10,4309,605,667,1274,1763,496,71,103,40,281
569,07,Rheinland-Pfalz,2021-11,4494,599,716,1332,1847,510,31,111,89,278
570,07,Rheinland-Pfalz,2021-12,4959,645,791,1463,2060,507,32,152,47,276
571,07,Rheinland-Pfalz,2022-01,4515,604,733,1383,1795,9,4,78,-62,-11
572,07,Rheinland-Pfalz,2022-02,4174,550,689,1218,1717,85,-23,85,-113,136
573,07,Rheinland-Pfalz,2022-03,4727,632,730,1368,1997,152,0,54,-88,185
574,07,Rheinland-Pfalz,2022-04,4412,597,727,1259,1829,447,18,120,-10,319
575,07,Rheinland-Pfalz,2022-05,4184,548,708,1211,1717,315,-28,98,14,231
576,07,Rheinland-Pfalz,2022-06,4097,568,699,1172,1658,419,9,130,18,262
577,07,Rheinland-Pfalz,2022-07,4477,618,756,1306,1797,585,23,147,102,313
578,07,Rheinland-Pfalz,2022-08,4491,609,722,1289,1871,632,40,109,105,377
579,07,Rheinland-Pfalz,2022-09,3938,500,722,1124,1592,219,-21,140,-50,149
580,07,Rheinland-Pfalz,2022-10,4982,592,814,1465,2111,1032,32,220,218,560
581,07,Rheinland-Pfalz,2022-11,4372,534,716,1273,1849,215,-44,80,-14,193
582,08,Baden-Württemberg,2016-01,9423,1388,1364,2900,3771,,,,,
583,08,Baden-Württemberg,2016-02,8791,1233,1313,2733,3512,,,,,
584,08,Baden-Württemberg,2016-03,9776,1377,1448,3154,3797,,,,,
585,08,Baden-Württemberg,2016-04,8762,1247,1263,2814,3438,,,,,
586,08,Baden-Württemberg,2016-05,8591,1273,1252,2747,3319,,,,,
587,08,Baden-Württemberg,2016-06,8222,1231,1243,2566,3182,,,,,
588,08,Baden-Württemberg,2016-07,8416,1250,1271,2647,3248,,,,,
589,08,Baden-Württemberg,2016-08,8386,1310,1221,2668,3187,,,,,
590,08,Baden-Württemberg,2016-09,8070,1255,1207,2538,3070,,,,,
591,08,Baden-Württemberg,2016-10,9041,1222,1334,2879,3606,,,,,
592,08,Baden-Württemberg,2016-11,9182,1261,1214,2939,3768,,,,,
593,08,Baden-Württemberg,2016-12,9970,1308,1394,3215,4053,,,,,
594,08,Baden-Württemberg,2017-01,11715,1390,1548,3699,5078,,,,,
595,08,Baden-Württemberg,2017-02,10637,1268,1363,3385,4621,,,,,
596,08,Baden-Württemberg,2017-03,9442,1235,1341,3013,3853,,,,,
597,08,Baden-Württemberg,2017-04,8402,1193,1170,2693,3346,,,,,
598,08,Baden-Württemberg,2017-05,8714,1229,1243,2734,3508,,,,,
599,08,Baden-Württemberg,2017-06,8075,1192,1119,2608,3156,,,,,
600,08,Baden-Württemberg,2017-07,8469,1237,1259,2743,3230,,,,,
601,08,Baden-Württemberg,2017-08,8351,1217,1244,2602,3288,,,,,
602,08,Baden-Württemberg,2017-09,8127,1167,1138,2666,3156,,,,,
603,08,Baden-Württemberg,2017-10,8780,1265,1240,2801,3474,,,,,
604,08,Baden-Württemberg,2017-11,8858,1241,1245,2829,3543,,,,,
605,08,Baden-Württemberg,2017-12,9550,1277,1258,3150,3865,,,,,
606,08,Baden-Württemberg,2018-01,9862,1374,1364,3131,3993,,,,,
607,08,Baden-Württemberg,2018-02,9860,1249,1339,3213,4059,,,,,
608,08,Baden-Württemberg,2018-03,12191,1501,1604,3954,5132,,,,,
609,08,Baden-Württemberg,2018-04,9084,1261,1256,2898,3669,,,,,
610,08,Baden-Württemberg,2018-05,8588,1266,1230,2776,3316,,,,,
611,08,Baden-Württemberg,2018-06,8117,1163,1098,2615,3241,,,,,
612,08,Baden-Württemberg,2018-07,8657,1197,1246,2743,3471,,,,,
613,08,Baden-Württemberg,2018-08,9398,1305,1258,3074,3761,,,,,
614,08,Baden-Württemberg,2018-09,8207,1178,1117,2697,3215,,,,,
615,08,Baden-Württemberg,2018-10,8744,1251,1258,2758,3477,,,,,
616,08,Baden-Württemberg,2018-11,8876,1242,1188,2895,3551,,,,,
617,08,Baden-Württemberg,2018-12,9550,1246,1330,3104,3870,,,,,
618,08,Baden-Württemberg,2019-01,10343,1387,1382,3383,4191,,,,,
619,08,Baden-Württemberg,2019-02,9719,1214,1388,3181,3936,,,,,
620,08,Baden-Württemberg,2019-03,10341,1370,1334,3335,4302,,,,,
621,08,Baden-Württemberg,2019-04,8996,1208,1245,2895,3648,,,,,
622,08,Baden-Württemberg,2019-05,9077,1238,1288,3028,3523,,,,,
623,08,Baden-Württemberg,2019-06,8662,1248,1150,2794,3470,,,,,
624,08,Baden-Württemberg,2019-07,9138,1228,1290,2971,3649,,,,,
625,08,Baden-Württemberg,2019-08,8645,1228,1227,2777,3413,,,,,
626,08,Baden-Württemberg,2019-09,8298,1170,1171,2637,3320,,,,,
627,08,Baden-Württemberg,2019-10,9083,1246,1220,2866,3751,,,,,
628,08,Baden-Württemberg,2019-11,9410,1250,1273,3054,3833,,,,,
629,08,Baden-Württemberg,2019-12,9870,1212,1308,3238,4112,,,,,
630,08,Baden-Württemberg,2020-01,9850,1286,1326,3096,4142,-486,-99,-89,-182,-116
631,08,Baden-Württemberg,2020-02,9390,1193,1268,3058,3871,-362,-48,-83,-70,-161
632,08,Baden-Württemberg,2020-03,10623,1293,1465,3371,4494,185,-78,33,7,223
633,08,Baden-Württemberg,2020-04,10447,1272,1389,3444,4342,1636,45,155,619,817
634,08,Baden-Württemberg,2020-05,8908,1203,1259,2828,3618,165,-49,6,7,201
635,08,Baden-Württemberg,2020-06,8379,1178,1239,2597,3365,110,-31,86,-49,103
636,08,Baden-Württemberg,2020-07,8509,1222,1128,2727,3432,-161,-6,-139,-49,32
637,08,Baden-Württemberg,2020-08,9084,1228,1252,2858,3746,389,-37,14,78,334
638,08,Baden-Württemberg,2020-09,8603,1180,1160,2735,3528,427,-13,2,100,338
639,08,Baden-Württemberg,2020-10,9287,1210,1361,2912,3804,375,-36,98,86,227
640,08,Baden-Württemberg,2020-11,10259,1258,1331,3256,4414,1177,9,101,327,740
641,08,Baden-Württemberg,2020-12,12667,1365,1622,4019,5661,2932,104,299,842,1686
642,08,Baden-Württemberg,2021-01,12032,1367,1593,3891,5181,1589,8,188,564,830
643,08,Baden-Württemberg,2021-02,9068,1213,1219,2819,3817,-834,-18,-121,-390,-305
644,08,Baden-Württemberg,2021-03,9220,1187,1348,2836,3849,-1429,-163,-88,-582,-596
645,08,Baden-Württemberg,2021-04,9504,1285,1479,2926,3814,272,51,214,-57,63
646,08,Baden-Württemberg,2021-05,9506,1324,1454,2908,3820,684,90,199,66,329
647,08,Baden-Württemberg,2021-06,9021,1268,1306,2727,3720,713,73,154,73,412
648,08,Baden-Württemberg,2021-07,8952,1200,1360,2689,3703,259,-21,129,-107,257
649,08,Baden-Württemberg,2021-08,8903,1155,1307,2653,3788,33,-90,62,-175,236
650,08,Baden-Württemberg,2021-09,9085,1314,1341,2720,3710,776,140,194,36,405
651,08,Baden-Württemberg,2021-10,10318,1399,1497,3071,4351,1344,156,227,237,724
652,08,Baden-Württemberg,2021-11,11117,1401,1583,3374,4759,1766,153,324,365,924
653,08,Baden-Württemberg,2021-12,12292,1550,1752,3678,5312,1883,275,372,300,935
654,08,Baden-Württemberg,2022-01,10317,1360,1552,3085,4320,-205,6,136,-290,-57
655,08,Baden-Württemberg,2022-02,9660,1201,1453,2847,4159,151,-16,149,-221,238
656,08,Baden-Württemberg,2022-03,10999,1369,1582,3180,4868,405,31,144,-194,424
657,08,Baden-Württemberg,2022-04,10076,1268,1379,3039,4390,568,11,37,-2,522
658,08,Baden-Württemberg,2022-05,9524,1249,1390,2843,4042,504,-9,82,-42,473
659,08,Baden-Württemberg,2022-06,9400,1277,1352,2712,4059,855,63,154,29,610
660,08,Baden-Württemberg,2022-07,10381,1390,1486,3118,4387,1567,178,230,335,823
661,08,Baden-Württemberg,2022-08,10107,1251,1443,3001,4412,1099,22,182,160,735
662,08,Baden-Württemberg,2022-09,9346,1242,1333,2757,4014,798,31,136,60,571
663,08,Baden-Württemberg,2022-10,11042,1344,1526,3293,4879,1684,67,192,391,1033
664,08,Baden-Württemberg,2022-11,10125,1278,1452,2968,4427,209,-10,108,-177,288
665,09,Freistaat Bayern,2016-01,11462,1658,1706,3581,4517,,,,,
666,09,Freistaat Bayern,2016-02,10965,1583,1603,3517,4262,,,,,
667,09,Freistaat Bayern,2016-03,11591,1691,1724,3637,4539,,,,,
668,09,Freistaat Bayern,2016-04,10437,1507,1583,3302,4045,,,,,
669,09,Freistaat Bayern,2016-05,10457,1473,1592,3312,4080,,,,,
670,09,Freistaat Bayern,2016-06,9864,1524,1475,3161,3704,,,,,
671,09,Freistaat Bayern,2016-07,10295,1582,1576,3243,3894,,,,,
672,09,Freistaat Bayern,2016-08,10171,1535,1582,3240,3814,,,,,
673,09,Freistaat Bayern,2016-09,9658,1476,1425,3061,3696,,,,,
674,09,Freistaat Bayern,2016-10,10874,1540,1572,3473,4289,,,,,
675,09,Freistaat Bayern,2016-11,11278,1571,1634,3699,4374,,,,,
676,09,Freistaat Bayern,2016-12,12500,1648,1769,4004,5079,,,,,
677,09,Freistaat Bayern,2017-01,14739,1793,1899,4732,6315,,,,,
678,09,Freistaat Bayern,2017-02,12598,1562,1623,4011,5402,,,,,
679,09,Freistaat Bayern,2017-03,11848,1612,1639,3831,4766,,,,,
680,09,Freistaat Bayern,2017-04,10472,1543,1524,3297,4108,,,,,
681,09,Freistaat Bayern,2017-05,10595,1607,1573,3387,4028,,,,,
682,09,Freistaat Bayern,2017-06,10246,1555,1471,3266,3954,,,,,
683,09,Freistaat Bayern,2017-07,10094,1471,1509,3253,3861,,,,,
684,09,Freistaat Bayern,2017-08,10200,1548,1495,3267,3890,,,,,
685,09,Freistaat Bayern,2017-09,9885,1389,1542,3109,3845,,,,,
686,09,Freistaat Bayern,2017-10,10916,1515,1645,3574,4182,,,,,
687,09,Freistaat Bayern,2017-11,10806,1421,1578,3479,4328,,,,,
688,09,Freistaat Bayern,2017-12,11503,1545,1765,3686,4507,,,,,
689,09,Freistaat Bayern,2018-01,12238,1664,1663,4002,4909,,,,,
690,09,Freistaat Bayern,2018-02,12165,1528,1713,3849,5075,,,,,
691,09,Freistaat Bayern,2018-03,14368,1772,1992,4594,6010,,,,,
692,09,Freistaat Bayern,2018-04,11213,1609,1605,3524,4475,,,,,
693,09,Freistaat Bayern,2018-05,10655,1495,1552,3449,4159,,,,,
694,09,Freistaat Bayern,2018-06,9974,1528,1474,3204,3768,,,,,
695,09,Freistaat Bayern,2018-07,10480,1554,1572,3324,4030,,,,,
696,09,Freistaat Bayern,2018-08,10876,1536,1584,3474,4282,,,,,
697,09,Freistaat Bayern,2018-09,9813,1417,1406,3203,3787,,,,,
698,09,Freistaat Bayern,2018-10,10647,1457,1597,3402,4191,,,,,
699,09,Freistaat Bayern,2018-11,10718,1476,1515,3583,4144,,,,,
700,09,Freistaat Bayern,2018-12,11662,1510,1676,3795,4681,,,,,
701,09,Freistaat Bayern,2019-01,12336,1630,1720,4003,4983,,,,,
702,09,Freistaat Bayern,2019-02,11650,1479,1687,3779,4705,,,,,
703,09,Freistaat Bayern,2019-03,12499,1646,1735,4028,5090,,,,,
704,09,Freistaat Bayern,2019-04,10953,1440,1509,3636,4368,,,,,
705,09,Freistaat Bayern,2019-05,10790,1467,1602,3479,4242,,,,,
706,09,Freistaat Bayern,2019-06,10290,1454,1554,3348,3934,,,,,
707,09,Freistaat Bayern,2019-07,10893,1560,1497,3564,4272,,,,,
708,09,Freistaat Bayern,2019-08,10377,1482,1563,3393,3939,,,,,
709,09,Freistaat Bayern,2019-09,10127,1469,1510,3235,3913,,,,,
710,09,Freistaat Bayern,2019-10,11058,1532,1587,3580,4359,,,,,
711,09,Freistaat Bayern,2019-11,11208,1508,1586,3559,4555,,,,,
712,09,Freistaat Bayern,2019-12,12132,1511,1761,3962,4898,,,,,
713,09,Freistaat Bayern,2020-01,12423,1682,1722,4087,4932,-271,-4,-25,7,-249
714,09,Freistaat Bayern,2020-02,11755,1616,1647,3754,4738,-90,78,-10,-35,-123
715,09,Freistaat Bayern,2020-03,12743,1696,1766,4080,5201,166,16,-7,57,100
716,09,Freistaat Bayern,2020-04,13088,1609,1840,4358,5281,2319,84,285,918,1032
717,09,Freistaat Bayern,2020-05,10923,1541,1584,3439,4359,299,30,4,32,232
718,09,Freistaat Bayern,2020-06,10196,1420,1551,3189,4036,102,-95,57,-56,196
719,09,Freistaat Bayern,2020-07,10631,1552,1524,3416,4139,190,10,-15,70,125
720,09,Freistaat Bayern,2020-08,10859,1552,1586,3463,4258,453,27,30,119,277
721,09,Freistaat Bayern,2020-09,10587,1514,1592,3349,4132,716,76,121,197,322
722,09,Freistaat Bayern,2020-10,11560,1585,1674,3650,4651,686,74,74,143,396
723,09,Freistaat Bayern,2020-11,12444,1538,1780,3908,5218,1441,44,202,328,868
724,09,Freistaat Bayern,2020-12,16158,1774,2140,5157,7087,4209,220,397,1295,2296
725,09,Freistaat Bayern,2021-01,15508,1796,2105,4963,6644,2574,104,354,757,1359
726,09,Freistaat Bayern,2021-02,11506,1447,1712,3632,4715,-536,-99,44,-216,-265
727,09,Freistaat Bayern,2021-03,11774,1722,1758,3714,4580,-1091,40,-25,-419,-687
728,09,Freistaat Bayern,2021-04,11650,1648,1826,3733,4443,218,98,206,29,-115
729,09,Freistaat Bayern,2021-05,11507,1676,1854,3596,4381,766,148,276,157,184
730,09,Freistaat Bayern,2021-06,10709,1551,1664,3269,4225,532,62,151,17,302
731,09,Freistaat Bayern,2021-07,10842,1537,1716,3328,4261,317,3,190,-61,185
732,09,Freistaat Bayern,2021-08,10855,1542,1673,3343,4297,277,12,116,-56,205
733,09,Freistaat Bayern,2021-09,11190,1512,1616,3512,4550,1087,65,103,288,631
734,09,Freistaat Bayern,2021-10,12533,1725,1872,3919,5017,1488,203,246,367,671
735,09,Freistaat Bayern,2021-11,14737,1857,2159,4572,6149,3443,371,544,940,1588
736,09,Freistaat Bayern,2021-12,15173,1990,2307,4749,6127,2309,405,471,599,834
737,09,Freistaat Bayern,2022-01,12610,1733,1894,3882,5101,-516,40,91,-382,-266
738,09,Freistaat Bayern,2022-02,12247,1508,1750,3864,5125,478,-10,60,110,317
739,09,Freistaat Bayern,2022-03,13697,1665,1940,4193,5899,851,-44,127,89,679
740,09,Freistaat Bayern,2022-04,12333,1664,1803,3733,5133,607,87,108,-80,491
741,09,Freistaat Bayern,2022-05,11550,1590,1793,3541,4626,581,45,145,50,341
742,09,Freistaat Bayern,2022-06,11528,1554,1720,3494,4760,1236,66,159,241,769
743,09,Freistaat Bayern,2022-07,12419,1657,1898,3797,5067,1707,106,321,389,891
744,09,Freistaat Bayern,2022-08,12151,1541,1837,3698,5075,1409,13,235,280,881
745,09,Freistaat Bayern,2022-09,11393,1489,1697,3493,4714,964,11,166,168,618
746,09,Freistaat Bayern,2022-10,13414,1742,2017,4055,5600,1964,167,334,417,1045
747,09,Freistaat Bayern,2022-11,12462,1583,1875,3740,5264,185,-12,115,-166,247
748,10,Saarland,2016-01,1093,169,145,372,407,,,,,
749,10,Saarland,2016-02,1036,145,162,335,394,,,,,
750,10,Saarland,2016-03,1191,162,194,381,454,,,,,
751,10,Saarland,2016-04,1088,176,170,345,397,,,,,
752,10,Saarland,2016-05,1028,160,167,337,364,,,,,
753,10,Saarland,2016-06,991,146,159,360,326,,,,,
754,10,Saarland,2016-07,998,160,150,325,363,,,,,
755,10,Saarland,2016-08,1050,203,141,356,350,,,,,
756,10,Saarland,2016-09,1026,153,155,342,376,,,,,
757,10,Saarland,2016-10,1117,180,158,370,409,,,,,
758,10,Saarland,2016-11,1077,165,169,356,387,,,,,
759,10,Saarland,2016-12,1202,168,181,415,438,,,,,
760,10,Saarland,2017-01,1351,198,167,466,520,,,,,
761,10,Saarland,2017-02,1231,185,159,392,495,,,,,
762,10,Saarland,2017-03,1207,176,174,425,432,,,,,
763,10,Saarland,2017-04,1037,165,153,348,371,,,,,
764,10,Saarland,2017-05,1064,161,176,351,376,,,,,
765,10,Saarland,2017-06,1036,180,154,322,380,,,,,
766,10,Saarland,2017-07,1030,150,149,350,381,,,,,
767,10,Saarland,2017-08,1018,176,152,310,380,,,,,
768,10,Saarland,2017-09,1020,164,145,357,354,,,,,
769,10,Saarland,2017-10,1063,148,160,359,396,,,,,
770,10,Saarland,2017-11,1086,162,165,363,396,,,,,
771,10,Saarland,2017-12,1132,168,164,391,409,,,,,
772,10,Saarland,2018-01,1200,199,188,371,442,,,,,
773,10,Saarland,2018-02,1287,188,183,420,496,,,,,
774,10,Saarland,2018-03,1640,219,260,538,623,,,,,
775,10,Saarland,2018-04,1138,209,177,349,403,,,,,
776,10,Saarland,2018-05,1102,182,165,356,399,,,,,
777,10,Saarland,2018-06,995,149,152,332,362,,,,,
778,10,Saarland,2018-07,1103,149,181,366,407,,,,,
779,10,Saarland,2018-08,1148,190,161,384,413,,,,,
780,10,Saarland,2018-09,1044,175,177,338,354,,,,,
781,10,Saarland,2018-10,1062,167,184,345,366,,,,,
782,10,Saarland,2018-11,1059,151,175,362,371,,,,,
783,10,Saarland,2018-12,1094,158,179,356,401,,,,,
784,10,Saarland,2019-01,1188,176,177,409,426,,,,,
785,10,Saarland,2019-02,1098,152,160,381,405,,,,,
786,10,Saarland,2019-03,1263,174,203,392,494,,,,,
787,10,Saarland,2019-04,1134,151,187,394,402,,,,,
788,10,Saarland,2019-05,1182,171,180,403,428,,,,,
789,10,Saarland,2019-06,1097,174,181,360,382,,,,,
790,10,Saarland,2019-07,1110,165,176,359,410,,,,,
791,10,Saarland,2019-08,1032,152,183,334,363,,,,,
792,10,Saarland,2019-09,1048,166,191,354,337,,,,,
793,10,Saarland,2019-10,1118,136,185,386,411,,,,,
794,10,Saarland,2019-11,1116,169,191,360,396,,,,,
795,10,Saarland,2019-12,1169,170,184,375,440,,,,,
796,10,Saarland,2020-01,1187,179,184,372,452,-21,-7,15,-33,3
797,10,Saarland,2020-02,1124,163,186,359,416,-39,-5,20,-23,-32
798,10,Saarland,2020-03,1296,178,206,432,480,-29,-5,-2,-2,-21
799,10,Saarland,2020-04,1200,153,185,384,478,101,-22,13,25,85
800,10,Saarland,2020-05,1033,163,172,350,348,-61,-6,0,-12,-44
801,10,Saarland,2020-06,959,150,171,296,342,-71,-12,9,-48,-21
802,10,Saarland,2020-07,1016,168,144,335,369,-44,12,-20,-15,-21
803,10,Saarland,2020-08,1117,151,205,348,413,55,-29,46,2,36
804,10,Saarland,2020-09,1063,127,183,350,403,28,-38,16,2,48
805,10,Saarland,2020-10,1185,157,204,388,436,95,-1,32,23,40
806,10,Saarland,2020-11,1243,182,200,393,468,158,20,25,33,80
807,10,Saarland,2020-12,1361,156,222,439,544,212,-10,45,55,122
808,10,Saarland,2021-01,1395,150,217,442,586,163,-38,38,37,126
809,10,Saarland,2021-02,1239,169,209,400,461,54,-3,37,12,8
810,10,Saarland,2021-03,1079,145,179,349,406,-273,-42,-32,-98,-101
811,10,Saarland,2021-04,1080,170,190,347,373,-47,0,14,-22,-41
812,10,Saarland,2021-05,1092,169,201,317,405,-3,0,28,-48,17
813,10,Saarland,2021-06,1113,158,185,349,421,91,-5,20,21,54
814,10,Saarland,2021-07,1066,160,200,329,377,1,2,37,-24,-15
815,10,Saarland,2021-08,1097,165,216,295,421,18,-2,41,-49,29
816,10,Saarland,2021-09,1111,146,185,351,429,67,-12,11,1,67
817,10,Saarland,2021-10,1230,165,197,393,475,123,13,14,23,73
818,10,Saarland,2021-11,1318,183,239,390,506,192,17,56,20,98
819,10,Saarland,2021-12,1456,186,258,449,563,267,23,71,59,114
820,10,Saarland,2022-01,1279,154,207,400,518,36,-22,15,1,41
821,10,Saarland,2022-02,1148,160,193,336,459,-39,-8,8,-54,14
822,10,Saarland,2022-03,1407,168,254,401,584,87,-11,42,-27,83
823,10,Saarland,2022-04,1301,171,230,369,531,163,0,45,0,117
824,10,Saarland,2022-05,1204,186,198,367,453,102,15,18,10,58
825,10,Saarland,2022-06,1172,189,191,338,454,131,31,19,4,77
826,10,Saarland,2022-07,1282,183,201,382,516,208,22,26,35,125
827,10,Saarland,2022-08,1285,177,231,367,510,186,12,40,27,107
828,10,Saarland,2022-09,1167,172,221,324,450,100,18,37,-24,69
829,10,Saarland,2022-10,1339,174,237,361,567,190,18,44,-17,145
830,10,Saarland,2022-11,1180,157,218,339,466,-4,-14,17,-37,31
831,11,Berlin,2016-01,3087,538,600,965,984,,,,,
832,11,Berlin,2016-02,2984,518,587,972,907,,,,,
833,11,Berlin,2016-03,3174,535,619,1010,1010,,,,,
834,11,Berlin,2016-04,2800,481,530,940,849,,,,,
835,11,Berlin,2016-05,2692,470,558,853,811,,,,,
836,11,Berlin,2016-06,2557,509,482,805,761,,,,,
837,11,Berlin,2016-07,2603,477,496,845,785,,,,,
838,11,Berlin,2016-08,2639,457,504,850,828,,,,,
839,11,Berlin,2016-09,2614,466,502,833,813,,,,,
840,11,Berlin,2016-10,2891,526,475,974,916,,,,,
841,11,Berlin,2016-11,2873,482,495,933,963,,,,,
842,11,Berlin,2016-12,3136,504,543,1053,1036,,,,,
843,11,Berlin,2017-01,3548,525,600,1145,1278,,,,,
844,11,Berlin,2017-02,3394,510,581,1109,1194,,,,,
845,11,Berlin,2017-03,3056,512,537,1019,988,,,,,
846,11,Berlin,2017-04,2740,448,486,898,908,,,,,
847,11,Berlin,2017-05,2803,498,518,920,867,,,,,
848,11,Berlin,2017-06,2531,455,450,855,771,,,,,
849,11,Berlin,2017-07,2537,471,495,794,777,,,,,
850,11,Berlin,2017-08,2582,445,475,892,770,,,,,
851,11,Berlin,2017-09,2624,466,447,885,826,,,,,
852,11,Berlin,2017-10,2871,490,496,959,926,,,,,
853,11,Berlin,2017-11,2680,466,447,924,843,,,,,
854,11,Berlin,2017-12,2971,459,506,1028,978,,,,,
855,11,Berlin,2018-01,3182,524,556,1065,1037,,,,,
856,11,Berlin,2018-02,3196,502,569,1024,1101,,,,,
857,11,Berlin,2018-03,3891,578,671,1274,1368,,,,,
858,11,Berlin,2018-04,3040,464,562,1007,1007,,,,,
859,11,Berlin,2018-05,2837,524,469,959,885,,,,,
860,11,Berlin,2018-06,2562,459,422,909,772,,,,,
861,11,Berlin,2018-07,2731,477,480,903,871,,,,,
862,11,Berlin,2018-08,3111,532,523,1067,989,,,,,
863,11,Berlin,2018-09,2668,435,468,888,877,,,,,
864,11,Berlin,2018-10,2790,473,499,968,850,,,,,
865,11,Berlin,2018-11,2894,462,475,1067,890,,,,,
866,11,Berlin,2018-12,2998,496,487,1086,929,,,,,
867,11,Berlin,2019-01,3104,481,518,1078,1027,,,,,
868,11,Berlin,2019-02,3145,487,524,1069,1065,,,,,
869,11,Berlin,2019-03,3162,499,507,1139,1017,,,,,
870,11,Berlin,2019-04,2838,484,514,973,867,,,,,
871,11,Berlin,2019-05,2862,462,487,1048,865,,,,,
872,11,Berlin,2019-06,2797,457,443,979,918,,,,,
873,11,Berlin,2019-07,2740,456,487,932,865,,,,,
874,11,Berlin,2019-08,2784,468,445,963,908,,,,,
875,11,Berlin,2019-09,2682,469,426,926,861,,,,,
876,11,Berlin,2019-10,2750,452,446,977,875,,,,,
877,11,Berlin,2019-11,2822,481,459,1022,860,,,,,
878,11,Berlin,2019-12,3053,477,498,1061,1017,,,,,
879,11,Berlin,2020-01,3187,509,540,1082,1056,-43,-8,-29,19,-26
880,11,Berlin,2020-02,2976,506,464,1026,980,-204,2,-101,-18,-87
881,11,Berlin,2020-03,3104,496,547,1075,986,-217,-35,-37,-36,-110
882,11,Berlin,2020-04,3048,484,510,1056,998,193,15,-13,101,90
883,11,Berlin,2020-05,2936,474,474,1036,952,137,-15,-34,91,95
884,11,Berlin,2020-06,2743,465,477,895,906,131,-5,28,8,100
885,11,Berlin,2020-07,2829,497,466,946,920,176,27,-24,77,95
886,11,Berlin,2020-08,3025,487,453,969,1116,246,11,-34,26,242
887,11,Berlin,2020-09,2778,462,480,910,926,131,3,19,27,82
888,11,Berlin,2020-10,3129,545,499,1031,1054,303,60,20,61,162
889,11,Berlin,2020-11,3465,496,535,1208,1226,648,23,66,221,337
890,11,Berlin,2020-12,4422,550,639,1535,1698,1382,66,130,478,708
891,11,Berlin,2021-01,4140,560,642,1381,1557,885,50,88,288,457
892,11,Berlin,2021-02,3066,485,488,1052,1041,-112,-16,-47,-5,-44
893,11,Berlin,2021-03,3090,481,555,1037,1017,-213,-40,-11,-90,-73
894,11,Berlin,2021-04,3040,526,562,982,970,123,56,44,-2,25
895,11,Berlin,2021-05,2924,514,529,963,918,64,24,42,-28,26
896,11,Berlin,2021-06,2920,456,502,974,988,262,-3,54,64,146
897,11,Berlin,2021-07,2888,452,491,960,985,179,-23,9,66,127
898,11,Berlin,2021-08,2797,458,463,898,978,-79,-25,-11,-75,32
899,11,Berlin,2021-09,2838,463,459,904,1012,150,5,4,2,139
900,11,Berlin,2021-10,3178,571,503,993,1111,293,81,18,9,185
901,11,Berlin,2021-11,3189,514,502,1074,1099,224,38,23,19,144
902,11,Berlin,2021-12,3636,522,641,1186,1287,275,26,108,8,131
903,11,Berlin,2022-01,3448,561,576,1129,1182,45,42,12,-23,13
904,11,Berlin,2022-02,3309,481,569,1037,1222,213,-14,58,-6,175
905,11,Berlin,2022-03,3426,473,566,1138,1249,114,-41,-4,7,152
906,11,Berlin,2022-04,3149,487,540,997,1125,157,-3,3,-8,164
907,11,Berlin,2022-05,3057,495,473,999,1090,167,1,-17,-3,185
908,11,Berlin,2022-06,3051,510,509,936,1096,295,51,48,-3,200
909,11,Berlin,2022-07,3171,526,523,1006,1116,374,55,42,71,206
910,11,Berlin,2022-08,3261,475,576,1027,1183,332,-11,105,53,185
911,11,Berlin,2022-09,2920,467,476,907,1070,178,10,18,0,151
912,11,Berlin,2022-10,3330,439,565,1072,1254,368,-71,78,80,281
913,11,Berlin,2022-11,2886,443,465,916,1062,-207,-45,-28,-177,43
914,12,Brandenburg,2016-01,2830,444,416,1014,956,,,,,
915,12,Brandenburg,2016-02,2664,462,376,915,911,,,,,
916,12,Brandenburg,2016-03,2876,532,453,1015,876,,,,,
917,12,Brandenburg,2016-04,2518,418,407,850,843,,,,,
918,12,Brandenburg,2016-05,2573,443,384,891,855,,,,,
919,12,Brandenburg,2016-06,2420,452,367,861,740,,,,,
920,12,Brandenburg,2016-07,2349,411,336,811,791,,,,,
921,12,Brandenburg,2016-08,2439,425,365,859,790,,,,,
922,12,Brandenburg,2016-09,2343,381,343,825,794,,,,,
923,12,Brandenburg,2016-10,2497,419,376,874,828,,,,,
924,12,Brandenburg,2016-11,2483,436,378,851,818,,,,,
925,12,Brandenburg,2016-12,2798,457,416,1011,914,,,,,
926,12,Brandenburg,2017-01,3203,487,470,1087,1159,,,,,
927,12,Brandenburg,2017-02,3244,466,436,1111,1231,,,,,
928,12,Brandenburg,2017-03,2784,448,343,965,1028,,,,,
929,12,Brandenburg,2017-04,2512,450,373,894,795,,,,,
930,12,Brandenburg,2017-05,2592,447,363,944,838,,,,,
931,12,Brandenburg,2017-06,2382,403,334,811,834,,,,,
932,12,Brandenburg,2017-07,2378,413,361,831,773,,,,,
933,12,Brandenburg,2017-08,2484,447,409,868,760,,,,,
934,12,Brandenburg,2017-09,2302,411,337,791,763,,,,,
935,12,Brandenburg,2017-10,2602,436,405,877,884,,,,,
936,12,Brandenburg,2017-11,2529,434,363,900,832,,,,,
937,12,Brandenburg,2017-12,2766,461,379,976,950,,,,,
938,12,Brandenburg,2018-01,2846,436,378,1008,1024,,,,,
939,12,Brandenburg,2018-02,2868,454,400,971,1043,,,,,
940,12,Brandenburg,2018-03,3766,551,490,1293,1432,,,,,
941,12,Brandenburg,2018-04,2840,462,410,969,999,,,,,
942,12,Brandenburg,2018-05,2606,429,390,898,889,,,,,
943,12,Brandenburg,2018-06,2326,410,346,814,756,,,,,
944,12,Brandenburg,2018-07,2502,421,364,868,849,,,,,
945,12,Brandenburg,2018-08,2737,418,415,960,944,,,,,
946,12,Brandenburg,2018-09,2274,368,341,810,755,,,,,
947,12,Brandenburg,2018-10,2572,428,389,918,837,,,,,
948,12,Brandenburg,2018-11,2509,390,356,895,868,,,,,
949,12,Brandenburg,2018-12,2838,421,382,950,1085,,,,,
950,12,Brandenburg,2019-01,2884,442,406,1020,1016,,,,,
951,12,Brandenburg,2019-02,2714,406,392,937,979,,,,,
952,12,Brandenburg,2019-03,2926,476,396,1051,1003,,,,,
953,12,Brandenburg,2019-04,2675,363,385,982,945,,,,,
954,12,Brandenburg,2019-05,2448,408,355,851,834,,,,,
955,12,Brandenburg,2019-06,2565,411,374,888,892,,,,,
956,12,Brandenburg,2019-07,2625,419,418,884,904,,,,,
957,12,Brandenburg,2019-08,2508,368,387,855,898,,,,,
958,12,Brandenburg,2019-09,2444,384,400,839,821,,,,,
959,12,Brandenburg,2019-10,2683,438,383,924,938,,,,,
960,12,Brandenburg,2019-11,2665,401,366,950,948,,,,,
961,12,Brandenburg,2019-12,2890,443,429,967,1051,,,,,
962,12,Brandenburg,2020-01,3008,451,427,1023,1107,67,-1,9,-9,68
963,12,Brandenburg,2020-02,2826,455,433,908,1030,-47,8,32,-76,-11
964,12,Brandenburg,2020-03,2887,442,424,1021,1000,-201,-60,3,-60,-85
965,12,Brandenburg,2020-04,2919,467,405,1000,1047,283,44,11,76,151
966,12,Brandenburg,2020-05,2501,433,373,804,891,-54,1,0,-92,37
967,12,Brandenburg,2020-06,2590,428,427,817,918,167,9,72,-27,112
968,12,Brandenburg,2020-07,2638,426,421,846,945,174,10,51,-3,116
969,12,Brandenburg,2020-08,2720,376,387,936,1021,178,-39,-7,50,173
970,12,Brandenburg,2020-09,2563,382,413,819,949,222,-4,58,3,166
971,12,Brandenburg,2020-10,2774,415,443,896,1020,185,-15,55,-2,148
972,12,Brandenburg,2020-11,2948,408,406,991,1143,401,-7,40,92,276
973,12,Brandenburg,2020-12,4259,492,562,1449,1756,1436,46,160,473,756
974,12,Brandenburg,2021-01,4358,507,614,1505,1732,1373,53,194,470,655
975,12,Brandenburg,2021-02,3016,411,451,977,1177,103,-34,36,-5,106
976,12,Brandenburg,2021-03,2937,423,457,996,1061,-154,-56,44,-87,-55
977,12,Brandenburg,2021-04,2997,450,485,994,1068,260,14,92,33,121
978,12,Brandenburg,2021-05,2826,480,439,904,1003,289,51,69,30,140
979,12,Brandenburg,2021-06,2765,461,456,858,990,299,48,86,25,140
980,12,Brandenburg,2021-07,2814,435,453,882,1044,278,15,62,25,176
981,12,Brandenburg,2021-08,2752,439,488,868,957,140,37,88,-37,51
982,12,Brandenburg,2021-09,2715,413,443,876,983,319,27,70,61,161
983,12,Brandenburg,2021-10,2970,450,506,907,1107,312,21,101,3,187
984,12,Brandenburg,2021-11,3269,456,532,1033,1248,606,48,159,99,300
985,12,Brandenburg,2021-12,3977,511,657,1232,1577,789,57,219,146,366
986,12,Brandenburg,2022-01,3292,499,506,995,1292,18,40,50,-144,72
987,12,Brandenburg,2022-02,2894,443,432,888,1131,38,11,13,-60,74
988,12,Brandenburg,2022-03,3264,438,538,1011,1277,135,-35,96,-79,153
989,12,Brandenburg,2022-04,3064,419,491,969,1185,206,-17,70,-17,170
990,12,Brandenburg,2022-05,2814,420,464,851,1079,219,-18,75,-13,175
991,12,Brandenburg,2022-06,2695,480,435,795,985,133,52,34,-49,96
992,12,Brandenburg,2022-07,2900,438,491,890,1081,255,13,77,20,145
993,12,Brandenburg,2022-08,2914,424,482,907,1101,235,24,63,2,146
994,12,Brandenburg,2022-09,2971,418,542,892,1119,472,31,143,56,242
995,12,Brandenburg,2022-10,3209,415,524,961,1309,459,-18,94,50,333
996,12,Brandenburg,2022-11,3119,408,519,972,1220,271,-6,104,5,168
997,13,Mecklenburg-Vorpommern,2016-01,1964,373,270,662,659,,,,,
998,13,Mecklenburg-Vorpommern,2016-02,1773,340,276,606,551,,,,,
999,13,Mecklenburg-Vorpommern,2016-03,1826,334,265,657,570,,,,,
1000,13,Mecklenburg-Vorpommern,2016-04,1687,326,237,604,520,,,,,
1001,13,Mecklenburg-Vorpommern,2016-05,1662,308,248,616,490,,,,,
1002,13,Mecklenburg-Vorpommern,2016-06,1541,284,241,541,475,,,,,
1003,13,Mecklenburg-Vorpommern,2016-07,1631,290,259,560,522,,,,,
1004,13,Mecklenburg-Vorpommern,2016-08,1584,299,221,549,515,,,,,
1005,13,Mecklenburg-Vorpommern,2016-09,1570,302,207,570,491,,,,,
1006,13,Mecklenburg-Vorpommern,2016-10,1734,296,259,633,546,,,,,
1007,13,Mecklenburg-Vorpommern,2016-11,1627,317,232,550,528,,,,,
1008,13,Mecklenburg-Vorpommern,2016-12,1846,336,261,664,585,,,,,
1009,13,Mecklenburg-Vorpommern,2017-01,2009,343,279,692,695,,,,,
1010,13,Mecklenburg-Vorpommern,2017-02,1958,280,245,754,679,,,,,
1011,13,Mecklenburg-Vorpommern,2017-03,1827,313,256,630,628,,,,,
1012,13,Mecklenburg-Vorpommern,2017-04,1697,290,256,637,514,,,,,
1013,13,Mecklenburg-Vorpommern,2017-05,1758,315,277,577,589,,,,,
1014,13,Mecklenburg-Vorpommern,2017-06,1499,298,236,508,457,,,,,
1015,13,Mecklenburg-Vorpommern,2017-07,1619,305,237,579,498,,,,,
1016,13,Mecklenburg-Vorpommern,2017-08,1608,322,244,568,474,,,,,
1017,13,Mecklenburg-Vorpommern,2017-09,1540,277,195,557,511,,,,,
1018,13,Mecklenburg-Vorpommern,2017-10,1669,294,223,622,530,,,,,
1019,13,Mecklenburg-Vorpommern,2017-11,1700,301,246,623,530,,,,,
1020,13,Mecklenburg-Vorpommern,2017-12,1852,314,269,625,644,,,,,
1021,13,Mecklenburg-Vorpommern,2018-01,2013,382,302,674,655,,,,,
1022,13,Mecklenburg-Vorpommern,2018-02,1907,313,265,686,643,,,,,
1023,13,Mecklenburg-Vorpommern,2018-03,2441,386,359,826,870,,,,,
1024,13,Mecklenburg-Vorpommern,2018-04,1890,326,297,636,631,,,,,
1025,13,Mecklenburg-Vorpommern,2018-05,1700,289,234,607,570,,,,,
1026,13,Mecklenburg-Vorpommern,2018-06,1627,319,240,566,502,,,,,
1027,13,Mecklenburg-Vorpommern,2018-07,1718,298,261,619,540,,,,,
1028,13,Mecklenburg-Vorpommern,2018-08,1754,311,240,620,583,,,,,
1029,13,Mecklenburg-Vorpommern,2018-09,1600,277,261,534,528,,,,,
1030,13,Mecklenburg-Vorpommern,2018-10,1711,337,222,623,529,,,,,
1031,13,Mecklenburg-Vorpommern,2018-11,1706,319,263,597,527,,,,,
1032,13,Mecklenburg-Vorpommern,2018-12,1881,323,253,695,610,,,,,
1033,13,Mecklenburg-Vorpommern,2019-01,1955,356,288,652,659,,,,,
1034,13,Mecklenburg-Vorpommern,2019-02,1804,307,279,580,638,,,,,
1035,13,Mecklenburg-Vorpommern,2019-03,1973,350,280,666,677,,,,,
1036,13,Mecklenburg-Vorpommern,2019-04,1794,289,269,607,629,,,,,
1037,13,Mecklenburg-Vorpommern,2019-05,1790,320,273,594,603,,,,,
1038,13,Mecklenburg-Vorpommern,2019-06,1725,327,265,559,574,,,,,
1039,13,Mecklenburg-Vorpommern,2019-07,1720,328,261,561,570,,,,,
1040,13,Mecklenburg-Vorpommern,2019-08,1742,301,262,584,595,,,,,
1041,13,Mecklenburg-Vorpommern,2019-09,1722,292,277,576,577,,,,,
1042,13,Mecklenburg-Vorpommern,2019-10,1778,321,277,576,604,,,,,
1043,13,Mecklenburg-Vorpommern,2019-11,1818,306,261,634,617,,,,,
1044,13,Mecklenburg-Vorpommern,2019-12,1881,270,273,632,706,,,,,
1045,13,Mecklenburg-Vorpommern,2020-01,1848,317,270,599,662,-137,-47,-15,-71,-5
1046,13,Mecklenburg-Vorpommern,2020-02,1780,309,247,603,621,-81,-1,-19,-54,-7
1047,13,Mecklenburg-Vorpommern,2020-03,2015,367,301,656,691,-2,21,11,-39,5
1048,13,Mecklenburg-Vorpommern,2020-04,1754,282,262,596,614,-13,-26,-3,-25,40
1049,13,Mecklenburg-Vorpommern,2020-05,1771,323,283,593,572,43,15,25,-6,9
1050,13,Mecklenburg-Vorpommern,2020-06,1707,297,272,540,598,109,-10,26,-4,96
1051,13,Mecklenburg-Vorpommern,2020-07,1720,304,282,544,590,48,-1,27,-36,57
1052,13,Mecklenburg-Vorpommern,2020-08,1809,325,296,560,628,137,17,54,-20,86
1053,13,Mecklenburg-Vorpommern,2020-09,1706,298,294,554,560,98,11,59,-5,33
1054,13,Mecklenburg-Vorpommern,2020-10,1771,282,299,546,644,48,-30,54,-68,92
1055,13,Mecklenburg-Vorpommern,2020-11,1883,317,306,601,659,170,6,55,0,108
1056,13,Mecklenburg-Vorpommern,2020-12,2090,291,328,653,818,225,-20,64,-1,182
1057,13,Mecklenburg-Vorpommern,2021-01,2371,338,318,781,934,415,-12,33,127,266
1058,13,Mecklenburg-Vorpommern,2021-02,1997,306,314,646,731,135,4,55,-10,86
1059,13,Mecklenburg-Vorpommern,2021-03,1940,322,348,612,658,-124,-32,49,-83,-59
1060,13,Mecklenburg-Vorpommern,2021-04,1946,350,344,606,646,162,53,73,-13,49
1061,13,Mecklenburg-Vorpommern,2021-05,1855,317,332,535,671,100,5,65,-58,87
1062,13,Mecklenburg-Vorpommern,2021-06,1885,332,291,596,666,245,22,38,53,133
1063,13,Mecklenburg-Vorpommern,2021-07,1844,326,320,524,674,150,17,60,-52,124
1064,13,Mecklenburg-Vorpommern,2021-08,1774,297,315,562,600,46,-18,54,-21,30
1065,13,Mecklenburg-Vorpommern,2021-09,1940,351,334,582,673,298,65,77,27,129
1066,13,Mecklenburg-Vorpommern,2021-10,2072,308,340,626,798,340,-1,85,34,221
1067,13,Mecklenburg-Vorpommern,2021-11,2104,281,365,633,825,327,-30,96,19,242
1068,13,Mecklenburg-Vorpommern,2021-12,2424,343,395,777,909,498,43,114,126,214
1069,13,Mecklenburg-Vorpommern,2022-01,2159,341,389,633,796,112,-7,94,-44,68
1070,13,Mecklenburg-Vorpommern,2022-02,1937,284,302,584,767,65,-25,26,-45,109
1071,13,Mecklenburg-Vorpommern,2022-03,2474,330,392,771,981,382,-26,70,81,257
1072,13,Mecklenburg-Vorpommern,2022-04,2072,315,339,626,792,226,3,46,15,162
1073,13,Mecklenburg-Vorpommern,2022-05,1871,298,333,572,668,92,-14,52,-10,64
1074,13,Mecklenburg-Vorpommern,2022-06,1828,268,327,535,698,92,-51,60,-30,113
1075,13,Mecklenburg-Vorpommern,2022-07,1965,304,306,619,736,214,-10,25,57,142
1076,13,Mecklenburg-Vorpommern,2022-08,1951,303,309,579,760,181,-6,31,-3,158
1077,13,Mecklenburg-Vorpommern,2022-09,1914,267,319,567,761,172,-38,27,5,176
1078,13,Mecklenburg-Vorpommern,2022-10,2145,294,373,620,858,312,-18,88,27,214
1079,13,Mecklenburg-Vorpommern,2022-11,2070,267,372,592,839,192,-39,73,-24,182
1080,14,Sachsen,2016-01,4839,673,707,1580,1879,,,,,
1081,14,Sachsen,2016-02,4505,655,655,1466,1729,,,,,
1082,14,Sachsen,2016-03,4822,708,650,1524,1940,,,,,
1083,14,Sachsen,2016-04,4419,679,623,1398,1719,,,,,
1084,14,Sachsen,2016-05,4346,635,589,1459,1663,,,,,
1085,14,Sachsen,2016-06,3982,564,570,1313,1535,,,,,
1086,14,Sachsen,2016-07,4296,650,659,1358,1629,,,,,
1087,14,Sachsen,2016-08,4132,635,622,1308,1567,,,,,
1088,14,Sachsen,2016-09,4044,595,583,1294,1572,,,,,
1089,14,Sachsen,2016-10,4399,642,614,1439,1704,,,,,
1090,14,Sachsen,2016-11,4509,610,660,1495,1744,,,,,
1091,14,Sachsen,2016-12,5037,642,682,1652,2061,,,,,
1092,14,Sachsen,2017-01,5583,696,703,1832,2352,,,,,
1093,14,Sachsen,2017-02,5559,618,704,1904,2333,,,,,
1094,14,Sachsen,2017-03,4885,648,594,1638,2005,,,,,
1095,14,Sachsen,2017-04,4219,607,569,1388,1655,,,,,
1096,14,Sachsen,2017-05,4477,639,650,1495,1693,,,,,
1097,14,Sachsen,2017-06,4010,607,563,1336,1504,,,,,
1098,14,Sachsen,2017-07,4147,588,645,1410,1504,,,,,
1099,14,Sachsen,2017-08,4274,612,625,1360,1677,,,,,
1100,14,Sachsen,2017-09,4079,538,617,1402,1522,,,,,
1101,14,Sachsen,2017-10,4345,618,629,1394,1704,,,,,
1102,14,Sachsen,2017-11,4326,609,607,1431,1679,,,,,
1103,14,Sachsen,2017-12,4785,597,666,1580,1942,,,,,
1104,14,Sachsen,2018-01,4976,660,691,1605,2020,,,,,
1105,14,Sachsen,2018-02,5217,600,709,1665,2243,,,,,
1106,14,Sachsen,2018-03,6484,718,881,2159,2726,,,,,
1107,14,Sachsen,2018-04,4811,596,685,1676,1854,,,,,
1108,14,Sachsen,2018-05,4443,658,633,1445,1707,,,,,
1109,14,Sachsen,2018-06,4005,589,552,1281,1583,,,,,
1110,14,Sachsen,2018-07,4380,609,666,1406,1699,,,,,
1111,14,Sachsen,2018-08,4640,616,667,1557,1800,,,,,
1112,14,Sachsen,2018-09,4074,579,590,1379,1526,,,,,
1113,14,Sachsen,2018-10,4211,567,598,1452,1594,,,,,
1114,14,Sachsen,2018-11,4350,568,607,1505,1670,,,,,
1115,14,Sachsen,2018-12,4699,600,652,1584,1863,,,,,
1116,14,Sachsen,2019-01,4878,670,645,1602,1961,,,,,
1117,14,Sachsen,2019-02,4667,616,652,1483,1916,,,,,
1118,14,Sachsen,2019-03,4938,715,630,1574,2019,,,,,
1119,14,Sachsen,2019-04,4504,609,637,1464,1794,,,,,
1120,14,Sachsen,2019-05,4443,580,662,1504,1697,,,,,
1121,14,Sachsen,2019-06,4449,638,605,1463,1743,,,,,
1122,14,Sachsen,2019-07,4523,552,701,1507,1763,,,,,
1123,14,Sachsen,2019-08,4397,573,588,1501,1735,,,,,
1124,14,Sachsen,2019-09,4155,558,563,1406,1628,,,,,
1125,14,Sachsen,2019-10,4528,581,642,1526,1779,,,,,
1126,14,Sachsen,2019-11,4527,574,614,1477,1862,,,,,
1127,14,Sachsen,2019-12,4937,601,688,1619,2029,,,,,
1128,14,Sachsen,2020-01,5042,656,688,1650,2048,-27,-19,1,-5,-5
1129,14,Sachsen,2020-02,4742,583,622,1503,2034,-245,-39,-58,-127,-21
1130,14,Sachsen,2020-03,4930,640,656,1567,2067,-352,-57,-33,-157,-106
1131,14,Sachsen,2020-04,4725,567,657,1603,1898,237,-56,28,121,142
1132,14,Sachsen,2020-05,4396,559,650,1434,1753,-31,-69,16,-42,63
1133,14,Sachsen,2020-06,4171,573,633,1288,1677,59,-27,60,-60,86
1134,14,Sachsen,2020-07,4465,584,619,1458,1804,128,-16,-49,38,155
1135,14,Sachsen,2020-08,4375,557,652,1410,1756,14,-52,26,-22,61
1136,14,Sachsen,2020-09,4392,567,678,1409,1738,304,-1,90,39,176
1137,14,Sachsen,2020-10,4761,573,635,1538,2015,390,-29,14,85,320
1138,14,Sachsen,2020-11,6177,634,764,2040,2739,1749,44,142,563,1000
1139,14,Sachsen,2020-12,9916,823,1199,3245,4649,5051,213,527,1636,2675
1140,14,Sachsen,2021-01,8108,731,1025,2698,3654,2988,60,343,1026,1559
1141,14,Sachsen,2021-02,5252,635,792,1697,2128,206,31,120,58,-4
1142,14,Sachsen,2021-03,4936,654,762,1630,1890,-373,-26,72,-105,-314
1143,14,Sachsen,2021-04,5027,670,830,1631,1896,462,75,193,98,96
1144,14,Sachsen,2021-05,4986,689,795,1637,1865,546,80,146,167,152
1145,14,Sachsen,2021-06,4370,582,726,1385,1677,211,-20,138,43,50
1146,14,Sachsen,2021-07,4220,606,644,1314,1656,-159,23,-14,-131,-37
1147,14,Sachsen,2021-08,4257,603,637,1311,1706,-165,13,4,-146,-36
1148,14,Sachsen,2021-09,4205,562,658,1288,1697,30,1,46,-111,93
1149,14,Sachsen,2021-10,5017,648,762,1554,2053,556,63,136,76,280
1150,14,Sachsen,2021-11,6619,727,969,2106,2817,1774,131,321,493,829
1151,14,Sachsen,2021-12,7376,913,1151,2302,3010,1292,258,350,295,389
1152,14,Sachsen,2022-01,5201,654,829,1589,2129,-550,-25,67,-300,-292
1153,14,Sachsen,2022-02,4396,545,712,1395,1744,-574,-64,18,-192,-336
1154,14,Sachsen,2022-03,5330,639,791,1664,2236,8,-43,59,-69,60
1155,14,Sachsen,2022-04,4952,608,753,1429,2162,185,-3,51,-165,301
1156,14,Sachsen,2022-05,4699,612,743,1411,1933,132,-10,58,-94,177
1157,14,Sachsen,2022-06,4344,583,724,1282,1755,95,-13,95,-72,85
1158,14,Sachsen,2022-07,4746,581,762,1452,1951,349,-7,104,31,220
1159,14,Sachsen,2022-08,4724,619,735,1385,1985,307,32,99,-60,236
1160,14,Sachsen,2022-09,4560,581,740,1332,1907,353,14,118,-39,260
1161,14,Sachsen,2022-10,5290,604,807,1611,2268,661,12,148,93,408
1162,14,Sachsen,2022-11,4933,574,731,1422,2206,-485,-52,-8,-360,-66
1163,15,Sachsen-Anhalt,2016-01,2782,468,438,942,934,,,,,
1164,15,Sachsen-Anhalt,2016-02,2654,432,388,900,934,,,,,
1165,15,Sachsen-Anhalt,2016-03,2988,503,447,1001,1037,,,,,
1166,15,Sachsen-Anhalt,2016-04,2646,463,428,856,899,,,,,
1167,15,Sachsen-Anhalt,2016-05,2660,466,406,878,910,,,,,
1168,15,Sachsen-Anhalt,2016-06,2390,397,400,808,785,,,,,
1169,15,Sachsen-Anhalt,2016-07,2576,446,436,869,825,,,,,
1170,15,Sachsen-Anhalt,2016-08,2421,396,383,814,828,,,,,
1171,15,Sachsen-Anhalt,2016-09,2375,393,372,836,774,,,,,
1172,15,Sachsen-Anhalt,2016-10,2535,389,384,893,869,,,,,
1173,15,Sachsen-Anhalt,2016-11,2574,459,373,882,860,,,,,
1174,15,Sachsen-Anhalt,2016-12,2852,442,438,964,1008,,,,,
1175,15,Sachsen-Anhalt,2017-01,3258,486,449,1114,1209,,,,,
1176,15,Sachsen-Anhalt,2017-02,3231,434,456,1091,1250,,,,,
1177,15,Sachsen-Anhalt,2017-03,2912,454,458,974,1026,,,,,
1178,15,Sachsen-Anhalt,2017-04,2576,426,414,862,874,,,,,
1179,15,Sachsen-Anhalt,2017-05,2724,487,389,943,905,,,,,
1180,15,Sachsen-Anhalt,2017-06,2377,406,376,823,772,,,,,
1181,15,Sachsen-Anhalt,2017-07,2573,420,388,946,819,,,,,
1182,15,Sachsen-Anhalt,2017-08,2480,424,389,878,789,,,,,
1183,15,Sachsen-Anhalt,2017-09,2487,403,391,878,815,,,,,
1184,15,Sachsen-Anhalt,2017-10,2722,434,413,946,929,,,,,
1185,15,Sachsen-Anhalt,2017-11,2541,414,361,878,888,,,,,
1186,15,Sachsen-Anhalt,2017-12,2914,492,432,999,991,,,,,
1187,15,Sachsen-Anhalt,2018-01,2986,466,444,1050,1026,,,,,
1188,15,Sachsen-Anhalt,2018-02,2937,444,436,1000,1057,,,,,
1189,15,Sachsen-Anhalt,2018-03,4014,545,556,1407,1506,,,,,
1190,15,Sachsen-Anhalt,2018-04,2799,448,448,949,954,,,,,
1191,15,Sachsen-Anhalt,2018-05,2745,429,418,956,942,,,,,
1192,15,Sachsen-Anhalt,2018-06,2459,405,405,858,791,,,,,
1193,15,Sachsen-Anhalt,2018-07,2684,419,427,900,938,,,,,
1194,15,Sachsen-Anhalt,2018-08,2614,445,440,863,866,,,,,
1195,15,Sachsen-Anhalt,2018-09,2347,373,356,828,790,,,,,
1196,15,Sachsen-Anhalt,2018-10,2527,408,372,899,848,,,,,
1197,15,Sachsen-Anhalt,2018-11,2565,395,391,918,861,,,,,
1198,15,Sachsen-Anhalt,2018-12,2808,440,450,949,969,,,,,
1199,15,Sachsen-Anhalt,2019-01,2878,450,400,1035,993,,,,,
1200,15,Sachsen-Anhalt,2019-02,2763,433,458,961,911,,,,,
1201,15,Sachsen-Anhalt,2019-03,3042,460,483,1074,1025,,,,,
1202,15,Sachsen-Anhalt,2019-04,2677,433,408,934,902,,,,,
1203,15,Sachsen-Anhalt,2019-05,2569,401,382,925,861,,,,,
1204,15,Sachsen-Anhalt,2019-06,2610,388,451,863,908,,,,,
1205,15,Sachsen-Anhalt,2019-07,2594,413,384,905,892,,,,,
1206,15,Sachsen-Anhalt,2019-08,2498,389,390,844,875,,,,,
1207,15,Sachsen-Anhalt,2019-09,2484,398,381,854,851,,,,,
1208,15,Sachsen-Anhalt,2019-10,2636,422,402,922,890,,,,,
1209,15,Sachsen-Anhalt,2019-11,2662,442,403,920,897,,,,,
1210,15,Sachsen-Anhalt,2019-12,2886,404,415,989,1078,,,,,
1211,15,Sachsen-Anhalt,2020-01,2967,467,473,978,1049,-9,-1,40,-57,8
1212,15,Sachsen-Anhalt,2020-02,2815,415,431,1000,969,-81,-21,-4,12,-69
1213,15,Sachsen-Anhalt,2020-03,2925,414,452,1015,1044,-314,-77,-34,-99,-105
1214,15,Sachsen-Anhalt,2020-04,2669,428,429,869,943,-6,-15,4,-31,36
1215,15,Sachsen-Anhalt,2020-05,2599,424,388,835,952,-76,-22,-11,-91,47
1216,15,Sachsen-Anhalt,2020-06,2548,418,355,895,880,89,19,-53,57,66
1217,15,Sachsen-Anhalt,2020-07,2578,390,439,850,899,-29,-35,30,-55,30
1218,15,Sachsen-Anhalt,2020-08,2712,380,432,924,976,209,-34,31,74,136
1219,15,Sachsen-Anhalt,2020-09,2621,407,403,870,941,198,15,28,21,133
1220,15,Sachsen-Anhalt,2020-10,2792,443,453,860,1036,187,30,60,-55,152
1221,15,Sachsen-Anhalt,2020-11,2758,381,439,899,1039,172,-47,57,-1,162
1222,15,Sachsen-Anhalt,2020-12,3820,460,538,1313,1509,955,15,104,338,497
1223,15,Sachsen-Anhalt,2021-01,4393,535,626,1425,1807,1371,68,184,381,738
1224,15,Sachsen-Anhalt,2021-02,3197,422,513,1100,1162,260,-10,68,87,115
1225,15,Sachsen-Anhalt,2021-03,3058,445,504,1015,1094,-165,-23,17,-103,-56
1226,15,Sachsen-Anhalt,2021-04,3083,495,520,1002,1066,403,61,95,98,148
1227,15,Sachsen-Anhalt,2021-05,2886,465,481,933,1007,227,30,87,18,92
1228,15,Sachsen-Anhalt,2021-06,2740,455,461,820,1004,241,51,64,-40,166
1229,15,Sachsen-Anhalt,2021-07,2662,407,480,899,876,55,-4,70,-1,-11
1230,15,Sachsen-Anhalt,2021-08,2626,399,418,850,959,50,-11,5,-27,82
1231,15,Sachsen-Anhalt,2021-09,2664,415,474,818,957,179,20,91,-40,108
1232,15,Sachsen-Anhalt,2021-10,2840,450,500,867,1023,171,23,90,-40,97
1233,15,Sachsen-Anhalt,2021-11,3287,471,555,1028,1233,655,63,156,124,312
1234,15,Sachsen-Anhalt,2021-12,3853,554,645,1161,1493,746,105,186,98,356
1235,15,Sachsen-Anhalt,2022-01,3212,483,546,1004,1179,-94,3,60,-118,-40
1236,15,Sachsen-Anhalt,2022-02,2813,421,490,847,1055,-115,-8,30,-168,30
1237,15,Sachsen-Anhalt,2022-03,3443,425,565,1084,1369,183,-41,66,-44,202
1238,15,Sachsen-Anhalt,2022-04,2987,408,497,905,1177,180,-43,46,-34,211
1239,15,Sachsen-Anhalt,2022-05,2846,409,487,900,1050,146,-21,70,-12,109
1240,15,Sachsen-Anhalt,2022-06,2646,381,448,800,1017,57,-36,30,-59,121
1241,15,Sachsen-Anhalt,2022-07,2958,418,494,913,1133,328,11,61,24,232
1242,15,Sachsen-Anhalt,2022-08,2950,443,510,910,1087,337,40,90,40,168
1243,15,Sachsen-Anhalt,2022-09,2713,381,455,878,999,184,-17,51,35,114
1244,15,Sachsen-Anhalt,2022-10,3275,477,534,1036,1228,576,46,102,149,279
1245,15,Sachsen-Anhalt,2022-11,3133,441,542,1001,1149,315,19,95,60,141
1246,16,Thüringen,2016-01,2576,402,394,821,959,,,,,
1247,16,Thüringen,2016-02,2488,406,359,847,876,,,,,
1248,16,Thüringen,2016-03,2571,384,366,906,915,,,,,
1249,16,Thüringen,2016-04,2293,367,361,767,798,,,,,
1250,16,Thüringen,2016-05,2344,366,360,804,814,,,,,
1251,16,Thüringen,2016-06,2136,325,326,732,753,,,,,
1252,16,Thüringen,2016-07,2179,366,347,721,745,,,,,
1253,16,Thüringen,2016-08,2143,345,333,732,733,,,,,
1254,16,Thüringen,2016-09,2178,343,340,767,728,,,,,
1255,16,Thüringen,2016-10,2342,383,361,793,805,,,,,
1256,16,Thüringen,2016-11,2419,399,338,811,871,,,,,
1257,16,Thüringen,2016-12,2643,403,419,897,924,,,,,
1258,16,Thüringen,2017-01,3092,416,433,1034,1209,,,,,
1259,16,Thüringen,2017-02,2916,347,389,1010,1170,,,,,
1260,16,Thüringen,2017-03,2611,362,374,901,974,,,,,
1261,16,Thüringen,2017-04,2302,356,334,806,806,,,,,
1262,16,Thüringen,2017-05,2407,375,345,872,815,,,,,
1263,16,Thüringen,2017-06,2200,364,318,768,750,,,,,
1264,16,Thüringen,2017-07,2274,372,334,782,786,,,,,
1265,16,Thüringen,2017-08,2189,381,321,755,732,,,,,
1266,16,Thüringen,2017-09,2196,332,345,733,786,,,,,
1267,16,Thüringen,2017-10,2335,376,364,803,792,,,,,
1268,16,Thüringen,2017-11,2347,337,360,798,852,,,,,
1269,16,Thüringen,2017-12,2492,371,351,858,912,,,,,
1270,16,Thüringen,2018-01,2592,411,351,905,925,,,,,
1271,16,Thüringen,2018-02,2676,330,435,954,957,,,,,
1272,16,Thüringen,2018-03,3591,453,489,1234,1415,,,,,
1273,16,Thüringen,2018-04,2509,371,362,901,875,,,,,
1274,16,Thüringen,2018-05,2334,350,337,819,828,,,,,
1275,16,Thüringen,2018-06,2112,337,304,777,694,,,,,
1276,16,Thüringen,2018-07,2280,343,366,722,849,,,,,
1277,16,Thüringen,2018-08,2369,328,375,870,796,,,,,
1278,16,Thüringen,2018-09,2274,371,339,748,816,,,,,
1279,16,Thüringen,2018-10,2244,325,323,797,799,,,,,
1280,16,Thüringen,2018-11,2328,377,340,804,807,,,,,
1281,16,Thüringen,2018-12,2515,330,376,877,932,,,,,
1282,16,Thüringen,2019-01,2647,374,391,885,997,,,,,
1283,16,Thüringen,2019-02,2437,345,342,848,902,,,,,
1284,16,Thüringen,2019-03,2740,371,425,934,1010,,,,,
1285,16,Thüringen,2019-04,2492,348,389,837,918,,,,,
1286,16,Thüringen,2019-05,2382,350,356,825,851,,,,,
1287,16,Thüringen,2019-06,2223,327,327,814,755,,,,,
1288,16,Thüringen,2019-07,2350,349,340,816,845,,,,,
1289,16,Thüringen,2019-08,2302,334,378,774,816,,,,,
1290,16,Thüringen,2019-09,2299,362,353,764,820,,,,,
1291,16,Thüringen,2019-10,2334,337,340,797,860,,,,,
1292,16,Thüringen,2019-11,2408,357,345,802,904,,,,,
1293,16,Thüringen,2019-12,2582,340,373,922,947,,,,,
1294,16,Thüringen,2020-01,2619,338,394,911,976,-108,-63,2,0,-47
1295,16,Thüringen,2020-02,2432,331,375,855,871,-197,-26,-6,-60,-105
1296,16,Thüringen,2020-03,2632,373,426,888,945,-246,-20,12,-106,-134
1297,16,Thüringen,2020-04,2544,339,397,827,981,145,-22,35,-1,132
1298,16,Thüringen,2020-05,2273,323,318,769,863,-94,-37,-32,-61,36
1299,16,Thüringen,2020-06,2198,313,337,744,804,30,-25,18,-29,66
1300,16,Thüringen,2020-07,2261,355,360,718,828,-10,-3,13,-42,22
1301,16,Thüringen,2020-08,2290,321,305,772,892,39,-26,-47,-11,123
1302,16,Thüringen,2020-09,2290,329,375,769,817,53,-23,31,16,29
1303,16,Thüringen,2020-10,2440,330,380,828,902,126,-25,33,30,88
1304,16,Thüringen,2020-11,2588,332,370,900,986,212,-36,24,96,127
1305,16,Thüringen,2020-12,3659,386,505,1265,1503,1101,25,125,376,574
1306,16,Thüringen,2021-01,3966,411,554,1344,1657,1228,26,162,410,630
1307,16,Thüringen,2021-02,2844,390,420,962,1072,229,52,35,45,97
1308,16,Thüringen,2021-03,2851,384,436,931,1100,-43,-6,7,-58,14
1309,16,Thüringen,2021-04,2920,379,504,1018,1019,458,25,133,175,124
1310,16,Thüringen,2021-05,2702,407,462,884,949,353,57,123,63,110
1311,16,Thüringen,2021-06,2331,358,389,746,838,148,23,67,-30,87
1312,16,Thüringen,2021-07,2277,363,398,718,798,-14,8,48,-42,-29
1313,16,Thüringen,2021-08,2388,366,395,741,886,100,25,50,-52,77
1314,16,Thüringen,2021-09,2417,376,398,744,899,152,27,45,-10,89
1315,16,Thüringen,2021-10,2669,381,441,817,1030,331,39,89,11,192
1316,16,Thüringen,2021-11,3515,425,558,1142,1390,1097,74,204,316,503
1317,16,Thüringen,2021-12,3950,493,661,1294,1502,1138,136,260,313,428
1318,16,Thüringen,2022-01,2852,423,503,943,983,-104,39,80,-68,-156
1319,16,Thüringen,2022-02,2378,306,392,769,911,-219,-43,-1,-136,-40
1320,16,Thüringen,2022-03,2887,385,462,895,1145,-67,-10,18,-102,27
1321,16,Thüringen,2022-04,2576,336,455,820,965,-40,-23,42,-76,17
1322,16,Thüringen,2022-05,2527,370,407,810,940,104,12,39,-14,67
1323,16,Thüringen,2022-06,2424,332,423,772,897,208,-2,84,2,124
1324,16,Thüringen,2022-07,2651,372,452,816,1011,359,19,86,72,181
1325,16,Thüringen,2022-08,2516,387,424,718,987,179,50,61,-71,139
1326,16,Thüringen,2022-09,2543,367,415,818,943,223,7,49,62,105
1327,16,Thüringen,2022-10,2915,350,504,899,1162,493,7,133,89,264
1328,16,Thüringen,2022-11,2727,370,465,853,1039,17,-3,62,-59,17
